experiment,scenario,mechanism,N,seed,method,param_name,param_value,obj,runtime_total,runtime_pricing,gap,status,error,num_iters,num_pricing_calls,num_columns_added,min_reduced_cost_last,pricing_time_share,cost_energy,cost_delay,shore_utilization,mode_shore_count,mode_battery_count,mode_brown_count,infeasible_jobs,shore_ratio,battery_ratio,brown_ratio,mechanism_counts,type_A_count,type_A_cost_energy,type_A_cost_delay,type_A_cost_total,type_A_shore_ratio,type_A_battery_ratio,type_A_brown_ratio,type_A_avg_tardy_hours,type_B_count,type_B_cost_energy,type_B_cost_delay,type_B_cost_total,type_B_shore_ratio,type_B_battery_ratio,type_B_brown_ratio,type_B_avg_tardy_hours,type_C_count,type_C_cost_energy,type_C_cost_delay,type_C_cost_total,type_C_shore_ratio,type_C_battery_ratio,type_C_brown_ratio,type_C_avg_tardy_hours,type_D_count,type_D_cost_energy,type_D_cost_delay,type_D_cost_total,type_D_shore_ratio,type_D_battery_ratio,type_D_brown_ratio,type_D_avg_tardy_hours,time_limit
main,U,hybrid,20,1,cg,,,23813.46519278539,2.6880662000039592,0.0,,ok,,1.0,0.0,0.0,0.0,0.0,23813.46519278539,0.0,1.0,11,9,0,0,0.55,0.45,0.0,"{'shore': 11, 'battery': 9, 'brown': 0}",3,3483.3403438932487,0.0,3483.3403438932487,1.0,0.0,0.0,0.0,12,12373.727582233576,0.0,12373.727582233576,0.6666666666666666,0.3333333333333333,0.0,0.0,3,4356.397266658572,0.0,4356.397266658572,0.0,1.0,0.0,0.0,2,3600.0,0.0,3600.0,0.0,1.0,0.0,0.0,
main,U,hybrid,20,1,greedy,,,25538.193879251317,0.01268839999102056,,,ok,,,,,,,24538.193879251314,1000.0,1.0,11,9,0,0,0.55,0.45,0.0,"{'shore': 11, 'battery': 9, 'brown': 0}",3,5809.262601743198,0.0,5809.262601743198,0.6666666666666666,0.3333333333333333,0.0,0.0,12,10772.53401084955,1000.0,11772.53401084955,0.75,0.25,0.0,0.10416666666666667,3,4356.397266658572,0.0,4356.397266658572,0.0,1.0,0.0,0.0,2,3600.0,0.0,3600.0,0.0,1.0,0.0,0.0,
main,U,hybrid,20,1,fifo,,,25538.193879251317,0.0029421000508591533,,,ok,,,,,,,24538.193879251317,1000.0,1.0,11,9,0,0,0.55,0.45,0.0,"{'shore': 11, 'battery': 9, 'brown': 0}",3,5809.262601743198,0.0,5809.262601743198,0.6666666666666666,0.3333333333333333,0.0,0.0,12,10772.53401084955,1000.0,11772.53401084955,0.75,0.25,0.0,0.10416666666666667,3,4356.397266658572,0.0,4356.397266658572,0.0,1.0,0.0,0.0,2,3600.0,0.0,3600.0,0.0,1.0,0.0,0.0,
main,U,hybrid,20,1,milp60,,,43646.45693185997,52.20094470004551,,,ok,,,,,,,33046.45693185997,10600.0,1.0,11,7,2,0,0.55,0.35,0.1,"{'shore': 11, 'battery': 7, 'brown': 2}",3,15085.236418734623,0.0,15085.236418734623,0.3333333333333333,0.0,0.6666666666666666,0.0,12,12404.82324646677,10600.0,23004.82324646677,0.6666666666666666,0.3333333333333333,0.0,1.1041666666666667,3,4356.397266658572,0.0,4356.397266658572,0.0,1.0,0.0,0.0,2,1200.0,0.0,1200.0,1.0,0.0,0.0,0.0,60.0
main,U,hybrid,20,1,milp300,,,25883.226425302888,285.93463969998993,,,ok,,,,,,,25883.226425302888,0.0,1.0,9,11,0,0,0.45,0.55,0.0,"{'shore': 9, 'battery': 11, 'brown': 0}",3,3483.3403438932487,0.0,3483.3403438932487,1.0,0.0,0.0,0.0,12,15643.488814751072,0.0,15643.488814751072,0.4166666666666667,0.5833333333333334,0.0,0.0,3,4356.397266658572,0.0,4356.397266658572,0.0,1.0,0.0,0.0,2,2400.0,0.0,2400.0,0.5,0.5,0.0,0.0,300.0
main,U,hybrid,20,2,cg,,,26206.55794271497,5.403562600025907,0.0,,ok,,1.0,0.0,0.0,0.0,0.0,26206.55794271497,0.0,1.0,11,9,0,0,0.55,0.45,0.0,"{'shore': 11, 'battery': 9, 'brown': 0}",5,9705.52754468435,0.0,9705.52754468435,0.6,0.4,0.0,0.0,12,11373.519974333441,0.0,11373.519974333441,0.6666666666666666,0.3333333333333333,0.0,0.0,2,3327.510423697183,0.0,3327.510423697183,0.0,1.0,0.0,0.0,1,1800.0,0.0,1800.0,0.0,1.0,0.0,0.0,
main,U,hybrid,20,2,greedy,,,27645.679309053776,0.014821100048720837,,,ok,,,,,,,27045.679309053776,600.0,1.0,11,9,0,0,0.55,0.45,0.0,"{'shore': 11, 'battery': 9, 'brown': 0}",5,9705.52754468435,0.0,9705.52754468435,0.6,0.4,0.0,0.0,12,12212.641340672248,600.0,12812.641340672248,0.6666666666666666,0.3333333333333333,0.0,0.0625,2,3327.510423697183,0.0,3327.510423697183,0.0,1.0,0.0,0.0,1,1800.0,0.0,1800.0,0.0,1.0,0.0,0.0,
main,U,hybrid,20,2,fifo,,,27645.679309053776,0.003266699961386621,,,ok,,,,,,,27045.679309053776,600.0,1.0,11,9,0,0,0.55,0.45,0.0,"{'shore': 11, 'battery': 9, 'brown': 0}",5,9705.52754468435,0.0,9705.52754468435,0.6,0.4,0.0,0.0,12,12212.641340672248,600.0,12812.641340672248,0.6666666666666666,0.3333333333333333,0.0,0.0625,2,3327.510423697183,0.0,3327.510423697183,0.0,1.0,0.0,0.0,1,1800.0,0.0,1800.0,0.0,1.0,0.0,0.0,
main,U,hybrid,20,2,milp60,,,40166.9692249328,43.58098400000017,,,ok,,,,,,,38366.9692249328,1800.0,1.0,10,6,4,0,0.5,0.3,0.2,"{'shore': 10, 'battery': 6, 'brown': 4}",5,16368.796113589138,0.0,16368.796113589138,0.6,0.0,0.4,0.0,12,15070.662687646472,1800.0,16870.662687646472,0.5833333333333334,0.3333333333333333,0.08333333333333333,0.1875,2,3327.510423697183,0.0,3327.510423697183,0.0,1.0,0.0,0.0,1,3600.0,0.0,3600.0,0.0,0.0,1.0,0.0,60.0
main,U,hybrid,20,2,milp300,,,26206.55794271497,283.1022601999575,,,ok,,,,,,,26206.55794271497,0.0,1.0,11,9,0,0,0.55,0.45,0.0,"{'shore': 11, 'battery': 9, 'brown': 0}",5,9705.52754468435,0.0,9705.52754468435,0.6,0.4,0.0,0.0,12,11373.519974333441,0.0,11373.519974333441,0.6666666666666666,0.3333333333333333,0.0,0.0,2,3327.510423697183,0.0,3327.510423697183,0.0,1.0,0.0,0.0,1,1800.0,0.0,1800.0,0.0,1.0,0.0,0.0,300.0
main,U,hybrid,20,3,cg,,,27236.148197566563,2.159419300034642,0.0,,ok,,1.0,0.0,0.0,0.0,0.0,27236.148197566563,0.0,1.0,11,9,0,0,0.55,0.45,0.0,"{'shore': 11, 'battery': 9, 'brown': 0}",4,9181.655648386793,0.0,9181.655648386793,0.5,0.5,0.0,0.0,12,12524.859394414132,0.0,12524.859394414132,0.6666666666666666,0.3333333333333333,0.0,0.0,3,4929.633154765635,0.0,4929.633154765635,0.0,1.0,0.0,0.0,1,600.0,0.0,600.0,1.0,0.0,0.0,0.0,
main,U,hybrid,20,3,greedy,,,30575.156810770633,0.012028099969029427,,,ok,,,,,,,30575.156810770633,0.0,1.0,9,11,0,0,0.45,0.55,0.0,"{'shore': 9, 'battery': 11, 'brown': 0}",4,11349.401343528258,0.0,11349.401343528258,0.25,0.75,0.0,0.0,12,13696.122312476735,0.0,13696.122312476735,0.5833333333333334,0.4166666666666667,0.0,0.0,3,4929.633154765635,0.0,4929.633154765635,0.0,1.0,0.0,0.0,1,600.0,0.0,600.0,1.0,0.0,0.0,0.0,
main,U,hybrid,20,3,fifo,,,30575.156810770633,0.0023311000550165772,,,ok,,,,,,,30575.156810770633,0.0,1.0,9,11,0,0,0.45,0.55,0.0,"{'shore': 9, 'battery': 11, 'brown': 0}",4,11349.401343528258,0.0,11349.401343528258,0.25,0.75,0.0,0.0,12,13696.122312476735,0.0,13696.122312476735,0.5833333333333334,0.4166666666666667,0.0,0.0,3,4929.633154765635,0.0,4929.633154765635,0.0,1.0,0.0,0.0,1,600.0,0.0,600.0,1.0,0.0,0.0,0.0,
main,U,hybrid,20,3,milp60,,,23083.731488626785,56.02281600004062,,,not solved,,,,,,,70942.71872055814,0.0,1.0,0,8,12,0,0.0,0.4,0.6,"{'shore': 0, 'battery': 8, 'brown': 12}",4,27294.66693618569,0.0,27294.66693618569,0.0,0.0,1.0,0.0,12,35118.41862960681,0.0,35118.41862960681,0.0,0.4166666666666667,0.5833333333333334,0.0,3,4929.633154765635,0.0,4929.633154765635,0.0,1.0,0.0,0.0,1,3600.0,0.0,3600.0,0.0,0.0,1.0,0.0,60.0
main,U,hybrid,20,3,milp300,,,27410.21026952246,250.83015039993916,,,ok,,,,,,,27210.21026952246,200.0,1.0,10,10,0,0,0.5,0.5,0.0,"{'shore': 10, 'battery': 10, 'brown': 0}",4,6716.856851172412,0.0,6716.856851172412,0.75,0.25,0.0,0.0,12,14963.72026358441,200.0,15163.72026358441,0.5,0.5,0.0,0.020833333333333332,3,4929.633154765635,0.0,4929.633154765635,0.0,1.0,0.0,0.0,1,600.0,0.0,600.0,1.0,0.0,0.0,0.0,300.0
main,U,hybrid,20,4,cg,,,25050.129812979376,2.0162722000386566,0.0,,ok,,1.0,0.0,0.0,0.0,0.0,25050.129812979376,0.0,1.0,10,10,0,0,0.5,0.5,0.0,"{'shore': 10, 'battery': 10, 'brown': 0}",3,3033.9113056346837,0.0,3033.9113056346837,1.0,0.0,0.0,0.0,8,9856.08055134544,0.0,9856.08055134544,0.5,0.5,0.0,0.0,2,3160.1379559992547,0.0,3160.1379559992547,0.0,1.0,0.0,0.0,7,9000.0,0.0,9000.0,0.42857142857142855,0.5714285714285714,0.0,0.0,
main,U,hybrid,20,4,greedy,,,27739.200913966397,0.011437100009061396,,,ok,,,,,,,27539.200913966397,200.0,1.0,9,11,0,0,0.45,0.55,0.0,"{'shore': 9, 'battery': 11, 'brown': 0}",3,5326.07198774545,0.0,5326.07198774545,0.6666666666666666,0.3333333333333333,0.0,0.0,8,8852.99097022169,200.0,9052.99097022169,0.625,0.375,0.0,0.03125,2,3160.1379559992547,0.0,3160.1379559992547,0.0,1.0,0.0,0.0,7,10200.0,0.0,10200.0,0.2857142857142857,0.7142857142857143,0.0,0.0,
main,U,hybrid,20,4,fifo,,,27539.200913966397,0.002494800020940602,,,ok,,,,,,,27539.200913966397,0.0,1.0,9,11,0,0,0.45,0.55,0.0,"{'shore': 9, 'battery': 11, 'brown': 0}",3,5326.07198774545,0.0,5326.07198774545,0.6666666666666666,0.3333333333333333,0.0,0.0,8,8852.99097022169,0.0,8852.99097022169,0.625,0.375,0.0,0.0,2,3160.1379559992547,0.0,3160.1379559992547,0.0,1.0,0.0,0.0,7,10200.0,0.0,10200.0,0.2857142857142857,0.7142857142857143,0.0,0.0,
main,U,hybrid,20,4,milp60,,,36403.45970053223,49.01891830004752,,,ok,,,,,,,36403.45970053223,0.0,1.0,8,9,3,0,0.4,0.45,0.15,"{'shore': 8, 'battery': 9, 'brown': 3}",3,8764.3130109116,0.0,8764.3130109116,0.6666666666666666,0.0,0.3333333333333333,0.0,8,14879.008733621373,0.0,14879.008733621373,0.25,0.625,0.125,0.0,2,3160.1379559992547,0.0,3160.1379559992547,0.0,1.0,0.0,0.0,7,9600.0,0.0,9600.0,0.5714285714285714,0.2857142857142857,0.14285714285714285,0.0,60.0
main,U,hybrid,20,4,milp300,,,27506.30043433657,287.67211079993285,,,ok,,,,,,,26206.30043433657,1300.0,1.0,10,10,0,0,0.5,0.5,0.0,"{'shore': 10, 'battery': 10, 'brown': 0}",3,4876.762238879814,500.0,5376.762238879814,0.6666666666666666,0.3333333333333333,0.0,0.08333333333333333,8,10369.4002394575,800.0,11169.4002394575,0.5,0.5,0.0,0.125,2,3160.1379559992547,0.0,3160.1379559992547,0.0,1.0,0.0,0.0,7,7800.0,0.0,7800.0,0.5714285714285714,0.42857142857142855,0.0,0.0,300.0
main,U,hybrid,20,5,cg,,,22259.86502202449,2.5885995000135154,0.0,,ok,,1.0,0.0,0.0,0.0,0.0,22259.86502202449,0.0,1.0,13,7,0,0,0.65,0.35,0.0,"{'shore': 13, 'battery': 7, 'brown': 0}",4,6418.995823374158,0.0,6418.995823374158,0.75,0.25,0.0,0.0,10,9507.335436311412,0.0,9507.335436311412,0.7,0.3,0.0,0.0,3,4533.533762338921,0.0,4533.533762338921,0.0,1.0,0.0,0.0,3,1800.0,0.0,1800.0,1.0,0.0,0.0,0.0,
main,U,hybrid,20,5,greedy,,,25433.155588701688,0.014036600012332201,,,ok,,,,,,,25433.155588701688,0.0,1.0,12,8,0,0,0.6,0.4,0.0,"{'shore': 12, 'battery': 8, 'brown': 0}",4,10592.34684564178,0.0,10592.34684564178,0.25,0.75,0.0,0.0,10,7307.274980720984,0.0,7307.274980720984,0.9,0.1,0.0,0.0,3,4533.533762338921,0.0,4533.533762338921,0.0,1.0,0.0,0.0,3,3000.0,0.0,3000.0,0.6666666666666666,0.3333333333333333,0.0,0.0,
main,U,hybrid,20,5,fifo,,,25433.155588701688,0.002583299996331334,,,ok,,,,,,,25433.155588701688,0.0,1.0,12,8,0,0,0.6,0.4,0.0,"{'shore': 12, 'battery': 8, 'brown': 0}",4,10592.34684564178,0.0,10592.34684564178,0.25,0.75,0.0,0.0,10,7307.274980720984,0.0,7307.274980720984,0.9,0.1,0.0,0.0,3,4533.533762338921,0.0,4533.533762338921,0.0,1.0,0.0,0.0,3,3000.0,0.0,3000.0,0.6666666666666666,0.3333333333333333,0.0,0.0,
main,U,hybrid,20,5,milp60,,,17988.90184652275,60.98840110003948,,,not solved,,,,,,,72826.13082208543,0.0,1.0,0,5,15,0,0.0,0.25,0.75,"{'shore': 0, 'battery': 5, 'brown': 15}",4,24802.137227720137,0.0,24802.137227720137,0.0,0.0,1.0,0.0,10,32690.459832026372,0.0,32690.459832026372,0.0,0.2,0.8,0.0,3,4533.533762338921,0.0,4533.533762338921,0.0,1.0,0.0,0.0,3,10800.0,0.0,10800.0,0.0,0.0,1.0,0.0,60.0
main,U,hybrid,20,5,milp300,,,40904.341417636126,237.58517750003375,,,ok,,,,,,,28704.34141763613,12200.0,1.0,12,6,2,0,0.6,0.3,0.1,"{'shore': 12, 'battery': 6, 'brown': 2}",4,11518.133715742368,0.0,11518.133715742368,0.5,0.25,0.25,0.0,10,10852.67393955484,12200.0,23052.67393955484,0.7,0.2,0.1,1.525,3,4533.533762338921,0.0,4533.533762338921,0.0,1.0,0.0,0.0,3,1800.0,0.0,1800.0,1.0,0.0,0.0,0.0,300.0
main,U,hybrid,20,6,cg,,,24128.75437747837,2.8388732000021264,0.0,,ok,,1.0,0.0,0.0,0.0,0.0,24128.75437747837,0.0,1.0,12,8,0,0,0.6,0.4,0.0,"{'shore': 12, 'battery': 8, 'brown': 0}",4,8550.525578102975,0.0,8550.525578102975,0.5,0.5,0.0,0.0,10,8849.123953714343,0.0,8849.123953714343,0.7,0.3,0.0,0.0,3,4929.104845661053,0.0,4929.104845661053,0.0,1.0,0.0,0.0,3,1800.0,0.0,1800.0,1.0,0.0,0.0,0.0,
main,U,hybrid,20,6,greedy,,,27288.898160187564,0.012039199937134981,,,ok,,,,,,,27288.898160187564,0.0,1.0,10,10,0,0,0.5,0.5,0.0,"{'shore': 10, 'battery': 10, 'brown': 0}",4,10601.531276638725,0.0,10601.531276638725,0.25,0.75,0.0,0.0,10,7558.26203788778,0.0,7558.26203788778,0.8,0.2,0.0,0.0,3,4929.104845661053,0.0,4929.104845661053,0.0,1.0,0.0,0.0,3,4200.0,0.0,4200.0,0.3333333333333333,0.6666666666666666,0.0,0.0,
main,U,hybrid,20,6,fifo,,,27288.898160187564,0.0027207001112401485,,,ok,,,,,,,27288.898160187564,0.0,1.0,10,10,0,0,0.5,0.5,0.0,"{'shore': 10, 'battery': 10, 'brown': 0}",4,10601.531276638725,0.0,10601.531276638725,0.25,0.75,0.0,0.0,10,7558.26203788778,0.0,7558.26203788778,0.8,0.2,0.0,0.0,3,4929.104845661053,0.0,4929.104845661053,0.0,1.0,0.0,0.0,3,4200.0,0.0,4200.0,0.3333333333333333,0.6666666666666666,0.0,0.0,
main,U,hybrid,20,6,milp60,,,37939.356186837824,54.865243500098586,,,ok,,,,,,,37939.356186837824,0.0,1.0,9,7,4,0,0.45,0.35,0.2,"{'shore': 9, 'battery': 7, 'brown': 4}",4,17160.019018014173,0.0,17160.019018014173,0.25,0.25,0.5,0.0,10,11050.232323162592,0.0,11050.232323162592,0.6,0.3,0.1,0.0,3,4929.104845661053,0.0,4929.104845661053,0.0,1.0,0.0,0.0,3,4800.0,0.0,4800.0,0.6666666666666666,0.0,0.3333333333333333,0.0,60.0
main,U,hybrid,20,6,milp300,,,28059.992773336904,294.65136640006676,,,ok,,,,,,,25759.992773336904,2300.0,1.0,11,9,0,0,0.55,0.45,0.0,"{'shore': 11, 'battery': 9, 'brown': 0}",4,10472.611861811005,0.0,10472.611861811005,0.25,0.75,0.0,0.0,10,8558.276065864842,800.0,9358.276065864842,0.7,0.3,0.0,0.1,3,4929.104845661053,0.0,4929.104845661053,0.0,1.0,0.0,0.0,3,1800.0,1500.0,3300.0,1.0,0.0,0.0,0.3333333333333333,300.0
main,U,hybrid,20,7,cg,,,21677.692169095855,2.2844815999269485,0.0,,ok,,1.0,0.0,0.0,0.0,0.0,21677.692169095855,0.0,1.0,12,8,0,0,0.6,0.4,0.0,"{'shore': 12, 'battery': 8, 'brown': 0}",1,917.775492703651,0.0,917.775492703651,1.0,0.0,0.0,0.0,11,9700.098331619554,0.0,9700.098331619554,0.8181818181818182,0.18181818181818182,0.0,0.0,4,6259.8183447726515,0.0,6259.8183447726515,0.0,1.0,0.0,0.0,4,4800.0,0.0,4800.0,0.5,0.5,0.0,0.0,
main,U,hybrid,20,7,greedy,,,23716.054203224066,0.012391300057061017,,,ok,,,,,,,23516.054203224066,200.0,1.0,11,9,0,0,0.55,0.45,0.0,"{'shore': 11, 'battery': 9, 'brown': 0}",1,2753.3264781109533,0.0,2753.3264781109533,0.0,1.0,0.0,0.0,11,9702.909380340456,200.0,9902.909380340456,0.8181818181818182,0.18181818181818182,0.0,0.022727272727272728,4,6259.8183447726515,0.0,6259.8183447726515,0.0,1.0,0.0,0.0,4,4800.0,0.0,4800.0,0.5,0.5,0.0,0.0,
main,U,hybrid,20,7,fifo,,,23716.054203224066,0.0023487999569624662,,,ok,,,,,,,23516.054203224066,200.0,1.0,11,9,0,0,0.55,0.45,0.0,"{'shore': 11, 'battery': 9, 'brown': 0}",1,2753.3264781109533,0.0,2753.3264781109533,0.0,1.0,0.0,0.0,11,9702.909380340456,200.0,9902.909380340456,0.8181818181818182,0.18181818181818182,0.0,0.022727272727272728,4,6259.8183447726515,0.0,6259.8183447726515,0.0,1.0,0.0,0.0,4,4800.0,0.0,4800.0,0.5,0.5,0.0,0.0,
main,U,hybrid,20,7,milp60,,,17448.833603937615,63.50266510003712,,,not solved,,,,,,,66232.17967697875,0.0,1.0,0,5,15,0,0.0,0.25,0.75,"{'shore': 0, 'battery': 5, 'brown': 15}",1,5506.652956221907,0.0,5506.652956221907,0.0,0.0,1.0,0.0,11,40065.70837598419,0.0,40065.70837598419,0.0,0.09090909090909091,0.9090909090909091,0.0,4,6259.8183447726515,0.0,6259.8183447726515,0.0,1.0,0.0,0.0,4,14400.0,0.0,14400.0,0.0,0.0,1.0,0.0,60.0
main,U,hybrid,20,7,milp300,,,25774.633071529086,239.3754965000553,,,ok,,,,,,,21574.633071529086,4200.0,1.0,12,8,0,0,0.6,0.4,0.0,"{'shore': 12, 'battery': 8, 'brown': 0}",1,917.775492703651,0.0,917.775492703651,1.0,0.0,0.0,0.0,11,8397.039234052783,4200.0,12597.039234052783,0.9090909090909091,0.09090909090909091,0.0,0.4772727272727273,4,6259.8183447726515,0.0,6259.8183447726515,0.0,1.0,0.0,0.0,4,6000.0,0.0,6000.0,0.25,0.75,0.0,0.0,300.0
main,U,hybrid,20,8,cg,,,24025.426096259922,2.4806676999432966,0.0,,ok,,1.0,0.0,0.0,0.0,0.0,24025.426096259922,0.0,1.0,12,8,0,0,0.6,0.4,0.0,"{'shore': 12, 'battery': 8, 'brown': 0}",3,7411.062685132902,0.0,7411.062685132902,0.3333333333333333,0.6666666666666666,0.0,0.0,13,12251.301223060655,0.0,12251.301223060655,0.6923076923076923,0.3076923076923077,0.0,0.0,2,3163.062188066364,0.0,3163.062188066364,0.0,1.0,0.0,0.0,2,1200.0,0.0,1200.0,1.0,0.0,0.0,0.0,
main,U,hybrid,20,8,greedy,,,26261.28069803017,0.013464999967254698,,,ok,,,,,,,24661.28069803017,1600.0,1.0,11,9,0,0,0.55,0.45,0.0,"{'shore': 11, 'battery': 9, 'brown': 0}",3,7171.8809532234645,1000.0,8171.8809532234645,0.3333333333333333,0.6666666666666666,0.0,0.16666666666666666,13,13126.337556740338,600.0,13726.337556740338,0.6153846153846154,0.38461538461538464,0.0,0.057692307692307696,2,3163.062188066364,0.0,3163.062188066364,0.0,1.0,0.0,0.0,2,1200.0,0.0,1200.0,1.0,0.0,0.0,0.0,
main,U,hybrid,20,8,fifo,,,26661.28069803017,0.003189600072801113,,,ok,,,,,,,24661.28069803017,2000.0,1.0,11,9,0,0,0.55,0.45,0.0,"{'shore': 11, 'battery': 9, 'brown': 0}",3,7171.8809532234645,1000.0,8171.8809532234645,0.3333333333333333,0.6666666666666666,0.0,0.16666666666666666,13,13126.337556740338,1000.0,14126.337556740338,0.6153846153846154,0.38461538461538464,0.0,0.09615384615384616,2,3163.062188066364,0.0,3163.062188066364,0.0,1.0,0.0,0.0,2,1200.0,0.0,1200.0,1.0,0.0,0.0,0.0,
main,U,hybrid,20,8,milp60,,,19309.861231553434,64.01015089999419,,,not solved,,,,,,,67294.38616471607,0.0,1.0,0,6,14,0,0.0,0.3,0.7,"{'shore': 0, 'battery': 6, 'brown': 14}",3,18530.300784659383,0.0,18530.300784659383,0.0,0.0,1.0,0.0,13,38401.02319199033,0.0,38401.02319199033,0.0,0.3076923076923077,0.6923076923076923,0.0,2,3163.062188066364,0.0,3163.062188066364,0.0,1.0,0.0,0.0,2,7200.0,0.0,7200.0,0.0,0.0,1.0,0.0,60.0
main,U,hybrid,20,8,milp300,,,33868.35424435692,213.43237350007985,,,ok,,,,,,,32068.354244356917,1800.0,1.0,11,7,2,0,0.55,0.35,0.1,"{'shore': 11, 'battery': 7, 'brown': 2}",3,15390.396626000042,0.0,15390.396626000042,0.0,0.3333333333333333,0.6666666666666666,0.0,13,12314.895430290511,1800.0,14114.895430290511,0.6923076923076923,0.3076923076923077,0.0,0.17307692307692307,2,3163.062188066364,0.0,3163.062188066364,0.0,1.0,0.0,0.0,2,1200.0,0.0,1200.0,1.0,0.0,0.0,0.0,300.0
main,U,hybrid,20,9,cg,,,25561.709083544843,1.6415537999710068,0.0,,ok,,1.0,0.0,0.0,0.0,0.0,25561.709083544843,0.0,1.0,10,10,0,0,0.5,0.5,0.0,"{'shore': 10, 'battery': 10, 'brown': 0}",3,5526.664117979652,0.0,5526.664117979652,0.6666666666666666,0.3333333333333333,0.0,0.0,6,5239.325222878526,0.0,5239.325222878526,0.8333333333333334,0.16666666666666666,0.0,0.0,6,9395.719742686666,0.0,9395.719742686666,0.0,1.0,0.0,0.0,5,5400.0,0.0,5400.0,0.6,0.4,0.0,0.0,
main,U,hybrid,20,9,greedy,,,28761.709083544843,0.011686100042425096,,,ok,,,,,,,26761.709083544843,2000.0,1.0,9,11,0,0,0.45,0.55,0.0,"{'shore': 9, 'battery': 11, 'brown': 0}",3,5526.664117979652,2000.0,7526.664117979652,0.6666666666666666,0.3333333333333333,0.0,0.3333333333333333,6,5239.325222878526,0.0,5239.325222878526,0.8333333333333334,0.16666666666666666,0.0,0.0,6,9395.719742686666,0.0,9395.719742686666,0.0,1.0,0.0,0.0,5,6600.0,0.0,6600.0,0.4,0.6,0.0,0.0,
main,U,hybrid,20,9,fifo,,,28761.709083544843,0.0018774999771267176,,,ok,,,,,,,26761.709083544843,2000.0,1.0,9,11,0,0,0.45,0.55,0.0,"{'shore': 9, 'battery': 11, 'brown': 0}",3,5526.664117979652,2000.0,7526.664117979652,0.6666666666666666,0.3333333333333333,0.0,0.3333333333333333,6,5239.325222878526,0.0,5239.325222878526,0.8333333333333334,0.16666666666666666,0.0,0.0,6,9395.719742686666,0.0,9395.719742686666,0.0,1.0,0.0,0.0,5,6600.0,0.0,6600.0,0.4,0.6,0.0,0.0,
main,U,hybrid,20,9,milp60,,,35244.004287915974,54.02711950009689,,,ok,,,,,,,26144.004287915977,9100.0,1.0,11,9,0,0,0.55,0.45,0.0,"{'shore': 11, 'battery': 9, 'brown': 0}",3,9878.217000752367,0.0,9878.217000752367,0.0,1.0,0.0,0.0,6,3870.067544476944,7600.0,11470.067544476944,1.0,0.0,0.0,1.5833333333333333,6,9395.719742686666,0.0,9395.719742686666,0.0,1.0,0.0,0.0,5,3000.0,1500.0,4500.0,1.0,0.0,0.0,0.2,60.0
main,U,hybrid,20,9,milp300,,,26078.3840795119,293.4755313999485,,,ok,,,,,,,26078.3840795119,0.0,1.0,10,10,0,0,0.5,0.5,0.0,"{'shore': 10, 'battery': 10, 'brown': 0}",3,7708.193995672673,0.0,7708.193995672673,0.3333333333333333,0.6666666666666666,0.0,0.0,6,4774.470341152561,0.0,4774.470341152561,0.8333333333333334,0.16666666666666666,0.0,0.0,6,9395.719742686666,0.0,9395.719742686666,0.0,1.0,0.0,0.0,5,4200.0,0.0,4200.0,0.8,0.2,0.0,0.0,300.0
main,U,hybrid,20,10,cg,,,26704.34893606173,1.343146999948658,0.0,,ok,,1.0,0.0,0.0,0.0,0.0,26704.34893606173,0.0,1.0,9,11,0,0,0.45,0.55,0.0,"{'shore': 9, 'battery': 11, 'brown': 0}",4,6196.701593225534,0.0,6196.701593225534,0.75,0.25,0.0,0.0,6,5988.153191852304,0.0,5988.153191852304,0.6666666666666666,0.3333333333333333,0.0,0.0,6,9719.49415098389,0.0,9719.49415098389,0.0,1.0,0.0,0.0,4,4800.0,0.0,4800.0,0.5,0.5,0.0,0.0,
main,U,hybrid,20,10,greedy,,,30384.170739797413,0.01041699992492795,,,ok,,,,,,,30384.170739797413,0.0,1.0,7,13,0,0,0.35,0.65,0.0,"{'shore': 7, 'battery': 13, 'brown': 0}",4,8341.232147167348,0.0,8341.232147167348,0.5,0.5,0.0,0.0,6,7523.444441646177,0.0,7523.444441646177,0.5,0.5,0.0,0.0,6,9719.49415098389,0.0,9719.49415098389,0.0,1.0,0.0,0.0,4,4800.0,0.0,4800.0,0.5,0.5,0.0,0.0,
main,U,hybrid,20,10,fifo,,,30384.170739797413,0.0020089000463485718,,,ok,,,,,,,30384.170739797413,0.0,1.0,7,13,0,0,0.35,0.65,0.0,"{'shore': 7, 'battery': 13, 'brown': 0}",4,8341.232147167348,0.0,8341.232147167348,0.5,0.5,0.0,0.0,6,7523.444441646177,0.0,7523.444441646177,0.5,0.5,0.0,0.0,6,9719.49415098389,0.0,9719.49415098389,0.0,1.0,0.0,0.0,4,4800.0,0.0,4800.0,0.5,0.5,0.0,0.0,
main,U,hybrid,20,10,milp60,,,35845.17014486289,53.627753100008704,,,ok,,,,,,,27745.170144862892,8100.0,1.0,9,11,0,0,0.45,0.55,0.0,"{'shore': 9, 'battery': 11, 'brown': 0}",4,8341.232147167348,500.0,8841.232147167348,0.5,0.5,0.0,0.0625,6,4884.443846711653,7600.0,12484.443846711652,0.8333333333333334,0.16666666666666666,0.0,1.5833333333333333,6,9719.49415098389,0.0,9719.49415098389,0.0,1.0,0.0,0.0,4,4800.0,0.0,4800.0,0.5,0.5,0.0,0.0,60.0
main,U,hybrid,20,10,milp300,,,26906.829841387436,293.80155730003025,,,ok,,,,,,,26906.829841387436,0.0,1.0,9,11,0,0,0.45,0.55,0.0,"{'shore': 9, 'battery': 11, 'brown': 0}",4,6196.701593225534,0.0,6196.701593225534,0.75,0.25,0.0,0.0,6,4990.634097178011,0.0,4990.634097178011,0.8333333333333334,0.16666666666666666,0.0,0.0,6,9719.49415098389,0.0,9719.49415098389,0.0,1.0,0.0,0.0,4,6000.0,0.0,6000.0,0.25,0.75,0.0,0.0,300.0
main,U,hybrid,21,1,cg,,,25984.814799210642,2.899841299979016,0.0,,ok,,1.0,0.0,0.0,0.0,0.0,25984.814799210642,0.0,1.0,11,10,0,0,0.5238095238095238,0.47619047619047616,0.0,"{'shore': 11, 'battery': 10, 'brown': 0}",3,5076.760833717521,0.0,5076.760833717521,0.6666666666666666,0.3333333333333333,0.0,0.0,12,13223.276471340088,0.0,13223.276471340088,0.5833333333333334,0.4166666666666667,0.0,0.0,4,6484.777494153036,0.0,6484.777494153036,0.0,1.0,0.0,0.0,2,1200.0,0.0,1200.0,1.0,0.0,0.0,0.0,
main,U,hybrid,21,1,greedy,,,28839.57302773859,0.013811599928885698,,,ok,,,,,,,27464.57302773859,1375.0,1.0,11,10,0,0,0.5238095238095238,0.47619047619047616,0.0,"{'shore': 11, 'battery': 10, 'brown': 0}",3,7230.462070967949,0.0,7230.462070967949,0.3333333333333333,0.6666666666666666,0.0,0.0,12,11349.333462617602,1000.0,12349.333462617602,0.75,0.25,0.0,0.10416666666666667,4,6484.777494153036,0.0,6484.777494153036,0.0,1.0,0.0,0.0,2,2400.0,375.0,2775.0,0.5,0.5,0.0,0.125,
main,U,hybrid,21,1,fifo,,,28839.57302773859,0.0025003000628203154,,,ok,,,,,,,27464.57302773859,1375.0,1.0,11,10,0,0,0.5238095238095238,0.47619047619047616,0.0,"{'shore': 11, 'battery': 10, 'brown': 0}",3,7230.462070967949,0.0,7230.462070967949,0.3333333333333333,0.6666666666666666,0.0,0.0,12,11349.333462617602,1000.0,12349.333462617602,0.75,0.25,0.0,0.10416666666666667,4,6484.777494153036,0.0,6484.777494153036,0.0,1.0,0.0,0.0,2,2400.0,375.0,2775.0,0.5,0.5,0.0,0.125,
main,U,hybrid,21,1,milp60,,,35581.825118475535,49.09742100001313,,,ok,,,,,,,34081.825118475535,1500.0,1.0,10,8,3,0,0.47619047619047616,0.38095238095238093,0.14285714285714285,"{'shore': 10, 'battery': 8, 'brown': 3}",3,5076.760833717521,0.0,5076.760833717521,0.6666666666666666,0.3333333333333333,0.0,0.0,12,21320.28679060498,0.0,21320.28679060498,0.5,0.25,0.25,0.0,4,6484.777494153036,0.0,6484.777494153036,0.0,1.0,0.0,0.0,2,1200.0,1500.0,2700.0,1.0,0.0,0.0,0.5,60.0
main,U,hybrid,21,1,milp300,,,27505.948421189896,288.9698146999581,,,ok,,,,,,,26505.948421189896,1000.0,1.0,11,10,0,0,0.5238095238095238,0.47619047619047616,0.0,"{'shore': 11, 'battery': 10, 'brown': 0}",3,5076.760833717521,0.0,5076.760833717521,0.6666666666666666,0.3333333333333333,0.0,0.0,12,11344.410093319346,1000.0,12344.410093319346,0.75,0.25,0.0,0.10416666666666667,4,6484.777494153036,0.0,6484.777494153036,0.0,1.0,0.0,0.0,2,3600.0,0.0,3600.0,0.0,1.0,0.0,0.0,300.0
main,U,hybrid,21,2,cg,,,27235.658532810496,3.783249100088142,0.0,,ok,,1.0,0.0,0.0,0.0,0.0,27235.658532810496,0.0,1.0,12,9,0,0,0.5714285714285714,0.42857142857142855,0.0,"{'shore': 12, 'battery': 9, 'brown': 0}",5,8527.564220297429,0.0,8527.564220297429,0.6,0.4,0.0,0.0,13,14768.841119555447,0.0,14768.841119555447,0.6153846153846154,0.38461538461538464,0.0,0.0,2,3339.2531929576226,0.0,3339.2531929576226,0.0,1.0,0.0,0.0,1,600.0,0.0,600.0,1.0,0.0,0.0,0.0,
main,U,hybrid,21,2,greedy,,,29203.24822684292,0.01596569991670549,,,ok,,,,,,,28203.248226842916,1000.0,1.0,11,10,0,0,0.5238095238095238,0.47619047619047616,0.0,"{'shore': 11, 'battery': 10, 'brown': 0}",5,8527.564220297429,1000.0,9527.564220297429,0.6,0.4,0.0,0.1,13,14536.430813587865,0.0,14536.430813587865,0.6153846153846154,0.38461538461538464,0.0,0.0,2,3339.2531929576226,0.0,3339.2531929576226,0.0,1.0,0.0,0.0,1,1800.0,0.0,1800.0,0.0,1.0,0.0,0.0,
main,U,hybrid,21,2,fifo,,,29203.24822684292,0.0036301000509411097,,,ok,,,,,,,28203.24822684292,1000.0,1.0,11,10,0,0,0.5238095238095238,0.47619047619047616,0.0,"{'shore': 11, 'battery': 10, 'brown': 0}",5,8527.564220297429,1000.0,9527.564220297429,0.6,0.4,0.0,0.1,13,14536.430813587865,0.0,14536.430813587865,0.6153846153846154,0.38461538461538464,0.0,0.0,2,3339.2531929576226,0.0,3339.2531929576226,0.0,1.0,0.0,0.0,1,1800.0,0.0,1800.0,0.0,1.0,0.0,0.0,
main,U,hybrid,21,2,milp60,,,107473.963987288,38.42260809999425,,,ok,,,,,,,31273.963987288007,76200.0,1.0,13,5,3,0,0.6190476190476191,0.23809523809523808,0.14285714285714285,"{'shore': 13, 'battery': 5, 'brown': 3}",5,11318.197462114058,26000.0,37318.197462114054,0.6,0.2,0.2,2.6,13,13016.513332216327,50200.0,63216.51333221633,0.7692307692307693,0.15384615384615385,0.07692307692307693,4.826923076923077,2,3339.2531929576226,0.0,3339.2531929576226,0.0,1.0,0.0,0.0,1,3600.0,0.0,3600.0,0.0,0.0,1.0,0.0,60.0
main,U,hybrid,21,2,milp300,,,30622.168148759087,278.39577119995374,,,ok,,,,,,,28722.168148759087,1900.0,1.0,10,11,0,0,0.47619047619047616,0.5238095238095238,0.0,"{'shore': 10, 'battery': 11, 'brown': 0}",5,6702.357146856217,1500.0,8202.357146856217,0.8,0.2,0.0,0.15,13,16880.55780894525,400.0,17280.55780894525,0.46153846153846156,0.5384615384615384,0.0,0.038461538461538464,2,3339.2531929576226,0.0,3339.2531929576226,0.0,1.0,0.0,0.0,1,1800.0,0.0,1800.0,0.0,1.0,0.0,0.0,300.0
main,U,hybrid,21,3,cg,,,28266.32662664929,3.4781042999820784,0.0,,ok,,1.0,0.0,0.0,0.0,0.0,28266.32662664929,0.0,1.0,10,11,0,0,0.47619047619047616,0.5238095238095238,0.0,"{'shore': 10, 'battery': 11, 'brown': 0}",5,7307.038475068647,0.0,7307.038475068647,0.8,0.2,0.0,0.0,12,15365.065092520217,0.0,15365.065092520217,0.4166666666666667,0.5833333333333334,0.0,0.0,3,4994.223059060419,0.0,4994.223059060419,0.0,1.0,0.0,0.0,1,600.0,0.0,600.0,1.0,0.0,0.0,0.0,
main,U,hybrid,21,3,greedy,,,30595.32017385786,0.015453299973160028,,,ok,,,,,,,30220.32017385786,375.0,1.0,9,12,0,0,0.42857142857142855,0.5714285714285714,0.0,"{'shore': 9, 'battery': 12, 'brown': 0}",5,7307.038475068647,0.0,7307.038475068647,0.8,0.2,0.0,0.0,12,17319.058639728795,0.0,17319.058639728795,0.3333333333333333,0.6666666666666666,0.0,0.0,3,4994.223059060419,0.0,4994.223059060419,0.0,1.0,0.0,0.0,1,600.0,375.0,975.0,1.0,0.0,0.0,0.25,
main,U,hybrid,21,3,fifo,,,30595.32017385786,0.002931700088083744,,,ok,,,,,,,30220.32017385786,375.0,1.0,9,12,0,0,0.42857142857142855,0.5714285714285714,0.0,"{'shore': 9, 'battery': 12, 'brown': 0}",5,7307.038475068647,0.0,7307.038475068647,0.8,0.2,0.0,0.0,12,17319.058639728795,0.0,17319.058639728795,0.3333333333333333,0.6666666666666666,0.0,0.0,3,4994.223059060419,0.0,4994.223059060419,0.0,1.0,0.0,0.0,1,600.0,375.0,975.0,1.0,0.0,0.0,0.25,
main,U,hybrid,21,3,milp60,,,22106.017478680522,67.92653099994641,,,not solved,,,,,,,79873.93310495024,0.0,1.0,0,6,15,0,0.0,0.2857142857142857,0.7142857142857143,"{'shore': 0, 'battery': 6, 'brown': 15}",5,31315.3687257677,0.0,31315.3687257677,0.0,0.0,1.0,0.0,12,39964.341320122105,0.0,39964.341320122105,0.0,0.25,0.75,0.0,3,4994.223059060419,0.0,4994.223059060419,0.0,1.0,0.0,0.0,1,3600.0,0.0,3600.0,0.0,0.0,1.0,0.0,60.0
main,U,hybrid,21,3,milp300,,,46046.58688853816,186.91332580009475,,,ok,,,,,,,41046.58688853816,5000.0,1.0,10,7,4,0,0.47619047619047616,0.3333333333333333,0.19047619047619047,"{'shore': 10, 'battery': 7, 'brown': 4}",5,20448.455785880837,0.0,20448.455785880837,0.4,0.0,0.6,0.0,12,12003.908043596895,5000.0,17003.908043596894,0.6666666666666666,0.3333333333333333,0.0,0.5208333333333334,3,4994.223059060419,0.0,4994.223059060419,0.0,1.0,0.0,0.0,1,3600.0,0.0,3600.0,0.0,0.0,1.0,0.0,300.0
main,U,hybrid,21,4,cg,,,26314.598559240592,1.6897349000209942,0.0,,ok,,1.0,0.0,0.0,0.0,0.0,26314.598559240592,0.0,1.0,11,10,0,0,0.5238095238095238,0.47619047619047616,0.0,"{'shore': 11, 'battery': 10, 'brown': 0}",3,5261.795984140512,0.0,5261.795984140512,0.6666666666666666,0.3333333333333333,0.0,0.0,8,8272.635698369386,0.0,8272.635698369386,0.625,0.375,0.0,0.0,3,4980.166876730692,0.0,4980.166876730692,0.0,1.0,0.0,0.0,7,7800.0,0.0,7800.0,0.5714285714285714,0.42857142857142855,0.0,0.0,
main,U,hybrid,21,4,greedy,,,28936.47552027582,0.012286700075492263,,,ok,,,,,,,27536.47552027582,1400.0,1.0,9,12,0,0,0.42857142857142855,0.5714285714285714,0.0,"{'shore': 9, 'battery': 12, 'brown': 0}",3,3236.121696233072,0.0,3236.121696233072,1.0,0.0,0.0,0.0,8,9120.186947312057,1400.0,10520.186947312057,0.5,0.5,0.0,0.21875,3,4980.166876730692,0.0,4980.166876730692,0.0,1.0,0.0,0.0,7,10200.0,0.0,10200.0,0.2857142857142857,0.7142857142857143,0.0,0.0,
main,U,hybrid,21,4,fifo,,,28114.107727449144,0.0031864000484347343,,,ok,,,,,,,27714.107727449144,400.0,1.0,10,11,0,0,0.47619047619047616,0.5238095238095238,0.0,"{'shore': 10, 'battery': 11, 'brown': 0}",3,5566.65552721214,0.0,5566.65552721214,0.6666666666666666,0.3333333333333333,0.0,0.0,8,8167.2853235063085,400.0,8567.285323506308,0.625,0.375,0.0,0.0625,3,4980.166876730692,0.0,4980.166876730692,0.0,1.0,0.0,0.0,7,9000.0,0.0,9000.0,0.42857142857142855,0.5714285714285714,0.0,0.0,
main,U,hybrid,21,4,milp60,,,30749.734890074677,45.97699090000242,,,ok,,,,,,,30749.734890074677,0.0,1.0,8,13,0,0,0.38095238095238093,0.6190476190476191,0.0,"{'shore': 8, 'battery': 13, 'brown': 0}",3,7592.329815119581,0.0,7592.329815119581,0.3333333333333333,0.6666666666666666,0.0,0.0,8,11577.2381982244,0.0,11577.2381982244,0.25,0.75,0.0,0.0,3,4980.166876730692,0.0,4980.166876730692,0.0,1.0,0.0,0.0,7,6600.0,0.0,6600.0,0.7142857142857143,0.2857142857142857,0.0,0.0,60.0
main,U,hybrid,21,4,milp300,,,27999.933933110453,285.40163290000055,,,ok,,,,,,,27999.933933110453,0.0,1.0,9,12,0,0,0.42857142857142855,0.5714285714285714,0.0,"{'shore': 9, 'battery': 12, 'brown': 0}",3,3236.121696233072,0.0,3236.121696233072,1.0,0.0,0.0,0.0,8,9583.645360146687,0.0,9583.645360146687,0.5,0.5,0.0,0.0,3,4980.166876730692,0.0,4980.166876730692,0.0,1.0,0.0,0.0,7,10200.0,0.0,10200.0,0.2857142857142857,0.7142857142857143,0.0,0.0,300.0
main,U,hybrid,21,5,cg,,,24630.65423705912,3.0070796000072733,0.0,,ok,,1.0,0.0,0.0,0.0,0.0,24630.65423705912,0.0,1.0,12,9,0,0,0.5714285714285714,0.42857142857142855,0.0,"{'shore': 12, 'battery': 9, 'brown': 0}",4,4228.889249764532,0.0,4228.889249764532,1.0,0.0,0.0,0.0,11,10314.622877992582,0.0,10314.622877992582,0.7272727272727273,0.2727272727272727,0.0,0.0,3,4687.142109302002,0.0,4687.142109302002,0.0,1.0,0.0,0.0,3,5400.0,0.0,5400.0,0.0,1.0,0.0,0.0,
main,U,hybrid,21,5,greedy,,,27472.321297950646,0.013833199976943433,,,ok,,,,,,,26097.321297950646,1375.0,1.0,12,9,0,0,0.5714285714285714,0.42857142857142855,0.0,"{'shore': 12, 'battery': 9, 'brown': 0}",4,8214.080589736968,0.0,8214.080589736968,0.5,0.5,0.0,0.0,11,8996.098598911673,1000.0,9996.098598911673,0.8181818181818182,0.18181818181818182,0.0,0.11363636363636363,3,4687.142109302002,0.0,4687.142109302002,0.0,1.0,0.0,0.0,3,4200.0,375.0,4575.0,0.3333333333333333,0.6666666666666666,0.0,0.08333333333333333,
main,U,hybrid,21,5,fifo,,,27472.321297950646,0.003301899996586144,,,ok,,,,,,,26097.321297950646,1375.0,1.0,12,9,0,0,0.5714285714285714,0.42857142857142855,0.0,"{'shore': 12, 'battery': 9, 'brown': 0}",4,8214.080589736968,0.0,8214.080589736968,0.5,0.5,0.0,0.0,11,8996.098598911673,1000.0,9996.098598911673,0.8181818181818182,0.18181818181818182,0.0,0.11363636363636363,3,4687.142109302002,0.0,4687.142109302002,0.0,1.0,0.0,0.0,3,4200.0,375.0,4575.0,0.3333333333333333,0.6666666666666666,0.0,0.08333333333333333,
main,U,hybrid,21,5,milp60,,,21340.32884214505,61.1352206999436,,,not solved,,,,,,,74628.84655191877,0.0,1.0,0,6,15,0,0.0,0.2857142857142857,0.7142857142857143,"{'shore': 0, 'battery': 6, 'brown': 15}",4,25373.335498587192,0.0,25373.335498587192,0.0,0.0,1.0,0.0,11,33768.36894402958,0.0,33768.36894402958,0.0,0.2727272727272727,0.7272727272727273,0.0,3,4687.142109302002,0.0,4687.142109302002,0.0,1.0,0.0,0.0,3,10800.0,0.0,10800.0,0.0,0.0,1.0,0.0,60.0
main,U,hybrid,21,5,milp300,,,31180.586564636164,230.1802122000372,,,ok,,,,,,,31180.586564636164,0.0,1.0,11,8,2,0,0.5238095238095238,0.38095238095238093,0.09523809523809523,"{'shore': 11, 'battery': 8, 'brown': 2}",4,8590.319272624813,0.0,8590.319272624813,0.5,0.5,0.0,0.0,11,16103.12518270935,0.0,16103.12518270935,0.5454545454545454,0.2727272727272727,0.18181818181818182,0.0,3,4687.142109302002,0.0,4687.142109302002,0.0,1.0,0.0,0.0,3,1800.0,0.0,1800.0,1.0,0.0,0.0,0.0,300.0
main,U,hybrid,21,6,cg,,,27688.173035616797,1.7497353999642655,0.0,,ok,,1.0,0.0,0.0,0.0,0.0,27688.173035616797,0.0,1.0,11,10,0,0,0.5238095238095238,0.47619047619047616,0.0,"{'shore': 11, 'battery': 10, 'brown': 0}",4,8133.6662482029715,0.0,8133.6662482029715,0.5,0.5,0.0,0.0,11,12827.03616744416,0.0,12827.03616744416,0.5454545454545454,0.45454545454545453,0.0,0.0,3,4927.470619969664,0.0,4927.470619969664,0.0,1.0,0.0,0.0,3,1800.0,0.0,1800.0,1.0,0.0,0.0,0.0,
main,U,hybrid,21,6,greedy,,,29812.52506769617,0.011776100029237568,,,ok,,,,,,,29812.52506769617,0.0,1.0,9,12,0,0,0.42857142857142855,0.5714285714285714,0.0,"{'shore': 9, 'battery': 12, 'brown': 0}",4,8146.130387065142,0.0,8146.130387065142,0.5,0.5,0.0,0.0,11,11338.924060661364,0.0,11338.924060661364,0.6363636363636364,0.36363636363636365,0.0,0.0,3,4927.470619969664,0.0,4927.470619969664,0.0,1.0,0.0,0.0,3,5400.0,0.0,5400.0,0.0,1.0,0.0,0.0,
main,U,hybrid,21,6,fifo,,,29812.52506769617,0.003128700074739754,,,ok,,,,,,,29812.52506769617,0.0,1.0,9,12,0,0,0.42857142857142855,0.5714285714285714,0.0,"{'shore': 9, 'battery': 12, 'brown': 0}",4,8146.130387065142,0.0,8146.130387065142,0.5,0.5,0.0,0.0,11,11338.924060661364,0.0,11338.924060661364,0.6363636363636364,0.36363636363636365,0.0,0.0,3,4927.470619969664,0.0,4927.470619969664,0.0,1.0,0.0,0.0,3,5400.0,0.0,5400.0,0.0,1.0,0.0,0.0,
main,U,hybrid,21,6,milp60,,,38350.20953750684,51.06260069995187,,,ok,,,,,,,37350.20953750684,1000.0,1.0,9,8,4,0,0.42857142857142855,0.38095238095238093,0.19047619047619047,"{'shore': 9, 'battery': 8, 'brown': 4}",4,8258.174759634392,0.0,8258.174759634392,0.5,0.5,0.0,0.0,11,19364.564157902798,1000.0,20364.564157902798,0.45454545454545453,0.2727272727272727,0.2727272727272727,0.11363636363636363,3,4927.470619969664,0.0,4927.470619969664,0.0,1.0,0.0,0.0,3,4800.0,0.0,4800.0,0.6666666666666666,0.0,0.3333333333333333,0.0,60.0
main,U,hybrid,21,6,milp300,,,33855.95193531414,290.92984669993166,,,ok,,,,,,,27055.95193531414,6800.0,1.0,11,10,0,0,0.5238095238095238,0.47619047619047616,0.0,"{'shore': 11, 'battery': 10, 'brown': 0}",4,8416.335246065848,0.0,8416.335246065848,0.5,0.5,0.0,0.0,11,9512.146069278624,6800.0,16312.146069278624,0.7272727272727273,0.2727272727272727,0.0,0.7727272727272727,3,4927.470619969664,0.0,4927.470619969664,0.0,1.0,0.0,0.0,3,4200.0,0.0,4200.0,0.3333333333333333,0.6666666666666666,0.0,0.0,300.0
main,U,hybrid,21,7,cg,,,25260.85949063334,1.8449931000359356,0.0,,ok,,1.0,0.0,0.0,0.0,0.0,25260.85949063334,0.0,1.0,11,10,0,0,0.5238095238095238,0.47619047619047616,0.0,"{'shore': 11, 'battery': 10, 'brown': 0}",1,996.910903877462,0.0,996.910903877462,1.0,0.0,0.0,0.0,12,15189.760192758626,0.0,15189.760192758626,0.5,0.5,0.0,0.0,4,6674.188393997245,0.0,6674.188393997245,0.0,1.0,0.0,0.0,4,2400.0,0.0,2400.0,1.0,0.0,0.0,0.0,
main,U,hybrid,21,7,greedy,,,27541.041327045517,0.013372599962167442,,,ok,,,,,,,27166.041327045517,375.0,1.0,10,11,0,0,0.47619047619047616,0.5238095238095238,0.0,"{'shore': 10, 'battery': 11, 'brown': 0}",1,2990.7327116323863,0.0,2990.7327116323863,0.0,1.0,0.0,0.0,12,12701.120221415878,0.0,12701.120221415878,0.6666666666666666,0.3333333333333333,0.0,0.0,4,6674.188393997245,0.0,6674.188393997245,0.0,1.0,0.0,0.0,4,4800.0,375.0,5175.0,0.5,0.5,0.0,0.0625,
main,U,hybrid,21,7,fifo,,,27541.041327045517,0.0025254000211134553,,,ok,,,,,,,27166.041327045517,375.0,1.0,10,11,0,0,0.47619047619047616,0.5238095238095238,0.0,"{'shore': 10, 'battery': 11, 'brown': 0}",1,2990.7327116323863,0.0,2990.7327116323863,0.0,1.0,0.0,0.0,12,12701.120221415878,0.0,12701.120221415878,0.6666666666666666,0.3333333333333333,0.0,0.0,4,6674.188393997245,0.0,6674.188393997245,0.0,1.0,0.0,0.0,4,4800.0,375.0,5175.0,0.5,0.5,0.0,0.0625,
main,U,hybrid,21,7,milp60,,,19102.014196186552,62.72146909998264,,,not solved,,,,,,,64258.46453116219,0.0,1.0,2,5,14,0,0.09523809523809523,0.23809523809523808,0.6666666666666666,"{'shore': 2, 'battery': 5, 'brown': 14}",1,5981.465423264773,0.0,5981.465423264773,0.0,0.0,1.0,0.0,12,40202.81071390017,0.0,40202.81071390017,0.08333333333333333,0.08333333333333333,0.8333333333333334,0.0,4,6674.188393997245,0.0,6674.188393997245,0.0,1.0,0.0,0.0,4,11400.0,0.0,11400.0,0.25,0.0,0.75,0.0,60.0
main,U,hybrid,21,7,milp300,,,31330.54312865596,238.46261960000265,,,ok,,,,,,,23730.54312865596,7600.0,1.0,12,9,0,0,0.5714285714285714,0.42857142857142855,0.0,"{'shore': 12, 'battery': 9, 'brown': 0}",1,996.910903877462,0.0,996.910903877462,1.0,0.0,0.0,0.0,12,12459.44383078125,7600.0,20059.443830781252,0.6666666666666666,0.3333333333333333,0.0,0.7916666666666666,4,6674.188393997245,0.0,6674.188393997245,0.0,1.0,0.0,0.0,4,3600.0,0.0,3600.0,0.75,0.25,0.0,0.0,300.0
main,U,hybrid,21,8,cg,,,26488.509897182226,2.921537199988961,0.0,,ok,,1.0,0.0,0.0,0.0,0.0,26488.509897182226,0.0,1.0,11,10,0,0,0.5238095238095238,0.47619047619047616,0.0,"{'shore': 11, 'battery': 10, 'brown': 0}",3,7441.789594590485,0.0,7441.789594590485,0.3333333333333333,0.6666666666666666,0.0,0.0,13,12873.76282819762,0.0,12873.76282819762,0.6153846153846154,0.38461538461538464,0.0,0.0,2,3172.95747439412,0.0,3172.95747439412,0.0,1.0,0.0,0.0,3,3000.0,0.0,3000.0,0.6666666666666666,0.3333333333333333,0.0,0.0,
main,U,hybrid,21,8,greedy,,,30646.96164251885,0.012659600004553795,,,ok,,,,,,,29521.96164251885,1125.0,1.0,9,12,0,0,0.42857142857142855,0.5714285714285714,0.0,"{'shore': 9, 'battery': 12, 'brown': 0}",3,7441.789594590485,0.0,7441.789594590485,0.3333333333333333,0.6666666666666666,0.0,0.0,13,14707.214573534246,0.0,14707.214573534246,0.5384615384615384,0.46153846153846156,0.0,0.0,2,3172.95747439412,0.0,3172.95747439412,0.0,1.0,0.0,0.0,3,4200.0,1125.0,5325.0,0.3333333333333333,0.6666666666666666,0.0,0.25,
main,U,hybrid,21,8,fifo,,,30646.96164251885,0.0032055999618023634,,,ok,,,,,,,29521.96164251885,1125.0,1.0,9,12,0,0,0.42857142857142855,0.5714285714285714,0.0,"{'shore': 9, 'battery': 12, 'brown': 0}",3,7441.789594590485,0.0,7441.789594590485,0.3333333333333333,0.6666666666666666,0.0,0.0,13,14707.214573534246,0.0,14707.214573534246,0.5384615384615384,0.46153846153846156,0.0,0.0,2,3172.95747439412,0.0,3172.95747439412,0.0,1.0,0.0,0.0,3,4200.0,1125.0,5325.0,0.3333333333333333,0.6666666666666666,0.0,0.25,
main,U,hybrid,21,8,milp60,,,22485.384082191144,73.04837350000162,,,not solved,,,,,,,68096.62951086974,0.0,1.0,0,8,13,0,0.0,0.38095238095238093,0.6190476190476191,"{'shore': 0, 'battery': 8, 'brown': 13}",3,18821.7435362691,0.0,18821.7435362691,0.0,0.0,1.0,0.0,13,35301.92850020652,0.0,35301.92850020652,0.0,0.46153846153846156,0.5384615384615384,0.0,2,3172.95747439412,0.0,3172.95747439412,0.0,1.0,0.0,0.0,3,10800.0,0.0,10800.0,0.0,0.0,1.0,0.0,60.0
main,U,hybrid,21,8,milp300,,,32441.422228906336,220.76777000003494,,,ok,,,,,,,27041.422228906336,5400.0,1.0,10,11,0,0,0.47619047619047616,0.5238095238095238,0.0,"{'shore': 10, 'battery': 11, 'brown': 0}",3,5366.367037961628,0.0,5366.367037961628,0.6666666666666666,0.3333333333333333,0.0,0.0,13,13102.097716550586,5400.0,18502.097716550586,0.6153846153846154,0.38461538461538464,0.0,0.5192307692307693,2,3172.95747439412,0.0,3172.95747439412,0.0,1.0,0.0,0.0,3,5400.0,0.0,5400.0,0.0,1.0,0.0,0.0,300.0
main,U,hybrid,21,9,cg,,,25639.221561209873,1.594088300014846,0.0,,ok,,1.0,0.0,0.0,0.0,0.0,25639.221561209873,0.0,1.0,12,9,0,0,0.5714285714285714,0.42857142857142855,0.0,"{'shore': 12, 'battery': 9, 'brown': 0}",3,7523.039213599259,0.0,7523.039213599259,0.3333333333333333,0.6666666666666666,0.0,0.0,7,5573.001215386849,0.0,5573.001215386849,0.8571428571428571,0.14285714285714285,0.0,0.0,6,9543.181132223765,0.0,9543.181132223765,0.0,1.0,0.0,0.0,5,3000.0,0.0,3000.0,1.0,0.0,0.0,0.0,
main,U,hybrid,21,9,greedy,,,27857.691683516845,0.01167349994648248,,,ok,,,,,,,27057.691683516845,800.0,1.0,10,11,0,0,0.47619047619047616,0.5238095238095238,0.0,"{'shore': 10, 'battery': 11, 'brown': 0}",3,5341.5093359062375,0.0,5341.5093359062375,0.6666666666666666,0.3333333333333333,0.0,0.0,7,5573.001215386849,800.0,6373.001215386849,0.8571428571428571,0.14285714285714285,0.0,0.14285714285714285,6,9543.181132223765,0.0,9543.181132223765,0.0,1.0,0.0,0.0,5,6600.0,0.0,6600.0,0.4,0.6,0.0,0.0,
main,U,hybrid,21,9,fifo,,,27857.691683516852,0.0022441999753937125,,,ok,,,,,,,27057.691683516845,800.0,1.0,10,11,0,0,0.47619047619047616,0.5238095238095238,0.0,"{'shore': 10, 'battery': 11, 'brown': 0}",3,5341.5093359062375,0.0,5341.5093359062375,0.6666666666666666,0.3333333333333333,0.0,0.0,7,5573.001215386849,800.0,6373.001215386849,0.8571428571428571,0.14285714285714285,0.0,0.14285714285714285,6,9543.181132223765,0.0,9543.181132223765,0.0,1.0,0.0,0.0,5,6600.0,0.0,6600.0,0.4,0.6,0.0,0.0,
main,U,hybrid,21,9,milp60,,,28139.87692352552,56.30034620000515,,,ok,,,,,,,28139.87692352552,0.0,1.0,10,11,0,0,0.47619047619047616,0.5238095238095238,0.0,"{'shore': 10, 'battery': 11, 'brown': 0}",3,7523.039213599259,0.0,7523.039213599259,0.3333333333333333,0.6666666666666666,0.0,0.0,7,6873.656577702497,0.0,6873.656577702497,0.7142857142857143,0.2857142857142857,0.0,0.0,6,9543.181132223765,0.0,9543.181132223765,0.0,1.0,0.0,0.0,5,4200.0,0.0,4200.0,0.8,0.2,0.0,0.0,60.0
main,U,hybrid,21,9,milp300,,,27241.32497843327,296.00430720008444,,,ok,,,,,,,27241.32497843327,0.0,1.0,10,11,0,0,0.47619047619047616,0.5238095238095238,0.0,"{'shore': 10, 'battery': 11, 'brown': 0}",3,5341.5093359062375,0.0,5341.5093359062375,0.6666666666666666,0.3333333333333333,0.0,0.0,7,6956.634510303269,0.0,6956.634510303269,0.7142857142857143,0.2857142857142857,0.0,0.0,6,9543.181132223765,0.0,9543.181132223765,0.0,1.0,0.0,0.0,5,5400.0,0.0,5400.0,0.6,0.4,0.0,0.0,300.0
main,U,hybrid,21,10,cg,,,28915.754947813726,1.517597800004296,0.0,,ok,,1.0,0.0,0.0,0.0,0.0,28915.754947813726,0.0,1.0,9,12,0,0,0.42857142857142855,0.5714285714285714,0.0,"{'shore': 9, 'battery': 12, 'brown': 0}",4,6621.622327701243,0.0,6621.622327701243,0.75,0.25,0.0,0.0,7,8342.934253645546,0.0,8342.934253645546,0.5714285714285714,0.42857142857142855,0.0,0.0,6,9151.198366466935,0.0,9151.198366466935,0.0,1.0,0.0,0.0,4,4800.0,0.0,4800.0,0.5,0.5,0.0,0.0,
main,U,hybrid,21,10,greedy,,,31106.6978881099,0.011229499941691756,,,ok,,,,,,,31106.6978881099,0.0,1.0,8,13,0,0,0.38095238095238093,0.6190476190476191,0.0,"{'shore': 8, 'battery': 13, 'brown': 0}",4,8726.799943710128,0.0,8726.799943710128,0.5,0.5,0.0,0.0,7,8428.699577932834,0.0,8428.699577932834,0.5714285714285714,0.42857142857142855,0.0,0.0,6,9151.198366466935,0.0,9151.198366466935,0.0,1.0,0.0,0.0,4,4800.0,0.0,4800.0,0.5,0.5,0.0,0.0,
main,U,hybrid,21,10,fifo,,,31935.861298961292,0.00235580001026392,,,ok,,,,,,,31135.861298961292,800.0,1.0,8,13,0,0,0.38095238095238093,0.6190476190476191,0.0,"{'shore': 8, 'battery': 13, 'brown': 0}",4,8726.799943710128,0.0,8726.799943710128,0.5,0.5,0.0,0.0,7,8457.862988784229,800.0,9257.862988784229,0.5714285714285714,0.42857142857142855,0.0,0.14285714285714285,6,9151.198366466935,0.0,9151.198366466935,0.0,1.0,0.0,0.0,4,4800.0,0.0,4800.0,0.5,0.5,0.0,0.0,
main,U,hybrid,21,10,milp60,,,30567.728873062082,56.403294299962,,,ok,,,,,,,30567.728873062082,0.0,1.0,10,11,0,0,0.47619047619047616,0.5238095238095238,0.0,"{'shore': 10, 'battery': 11, 'brown': 0}",4,13323.981879851954,0.0,13323.981879851954,0.0,1.0,0.0,0.0,7,4492.548626743195,0.0,4492.548626743195,1.0,0.0,0.0,0.0,6,9151.198366466935,0.0,9151.198366466935,0.0,1.0,0.0,0.0,4,3600.0,0.0,3600.0,0.75,0.25,0.0,0.0,60.0
main,U,hybrid,21,10,milp300,,,29544.758568935682,296.5768208000809,,,ok,,,,,,,29544.758568935682,0.0,1.0,9,12,0,0,0.42857142857142855,0.5714285714285714,0.0,"{'shore': 9, 'battery': 12, 'brown': 0}",4,8726.799943710128,0.0,8726.799943710128,0.5,0.5,0.0,0.0,7,5666.760258758617,0.0,5666.760258758617,0.8571428571428571,0.14285714285714285,0.0,0.0,6,9151.198366466935,0.0,9151.198366466935,0.0,1.0,0.0,0.0,4,6000.0,0.0,6000.0,0.25,0.75,0.0,0.0,300.0
