N,scenario,seed,method,status,error,obj,runtime_total,runtime_pricing,gap,gap_pct,lp_lower_bound,lp_obj_final_pool,irmp_obj,best_reduced_cost_last,num_negative_columns_last,num_columns_total,iterations,runtime_sec,cg_status,gap_type,full_pricing_converged,pricing_converged,objective_stabilized,relative_improvement_last_5,injected_columns_count,injected_incumbent_methods,min_reduced_cost,operation_mode,lp_status,ip_status,success,num_iters,num_pricing_calls,num_columns_added,n_columns_generated,min_reduced_cost_last,pricing_time_share,infeasible_jobs,cost_energy,cost_delay,type_A_count,type_A_cost_energy,type_A_cost_delay,type_A_cost_total,type_A_shore_ratio,type_A_battery_ratio,type_A_brown_ratio,type_A_avg_tardy_hours,type_B_count,type_B_cost_energy,type_B_cost_delay,type_B_cost_total,type_B_shore_ratio,type_B_battery_ratio,type_B_brown_ratio,type_B_avg_tardy_hours,type_C_count,type_C_cost_energy,type_C_cost_delay,type_C_cost_total,type_C_shore_ratio,type_C_battery_ratio,type_C_brown_ratio,type_C_avg_tardy_hours,type_D_count,type_D_cost_energy,type_D_cost_delay,type_D_cost_total,type_D_shore_ratio,type_D_battery_ratio,type_D_brown_ratio,type_D_avg_tardy_hours,num_fully_masked,num_partially_masked,avg_masking_rate,time_saved_total,avg_stay_time,num_fully_masked_type_A,num_partially_masked_type_A,avg_masking_rate_type_A,num_fully_masked_type_B,num_partially_masked_type_B,avg_masking_rate_type_B,num_fully_masked_type_C,num_partially_masked_type_C,avg_masking_rate_type_C,num_fully_masked_type_D,num_partially_masked_type_D,avg_masking_rate_type_D,mode_shore_count,mode_battery_count,mode_brown_count,SP_share,BS_share,AE_share,objective,total_cost,delay_cost,avg_stay_h,masking_rate,avg_delay_h
200,U,1,CG+IR,ok,,525417.6739598438,33.3502967000004,3.12847459999648,2.427727924346071e-05,0.002427727924346,525404.9182482536,525404.9182482536,525417.6739598438,-309.3043432718973,6185.0,11137.0,20.0,33.3502967000004,budgeted_stabilized,Pool LP-IP gap,0.0,0.0,1.0,8.505372335707191e-07,282.0,Greedy:200;FIFO:200,-309.3043432718973,simops,Optimal,Optimal,1.0,20.0,4000.0,10748.0,11137.0,-309.3043432718973,0.0938064997783495,0,523292.6739598438,2125.0,32,100994.1115586618,0.0,100994.1115586618,0.0,1.0,0.0,0.0,107,232717.8681941761,1000.0,233717.8681941761,0.1588785046728972,0.514018691588785,0.3271028037383177,0.0116822429906542,36,107980.69420700562,1125.0,109105.69420700562,0.0,0.0833333333333333,0.9166666666666666,0.0625,25,81600.0,0.0,81600.0,0.04,0.12,0.84,0.0,50,11,0.2740130668785059,76.71865522702059,15.698010418084827,16,1,0.5221410402269135,32,10,0.3373280382097192,0,0,0.0,2,0,0.08,18,93,89,0.09,0.465,0.445,525417.6739598438,525417.6739598438,2125.0,15.698010418084827,0.2740130668785059,
200,U,1,Restricted-CG,ok,,591662.9518940018,3.0478619000004983,0.4781526999995549,0.0,0.0,591662.9518940019,591662.9518940019,591662.9518940018,-7104.895947339419,8270.0,1933.0,6.0,3.0478619000004983,budgeted_stabilized,Pool LP-IP gap,0.0,0.0,1.0,0.0,0.0,,-7104.895947339419,simops,Optimal,Optimal,1.0,6.0,600.0,1733.0,1933.0,-7104.895947339419,0.1568813534496024,0,561637.9518940018,30025.0,32,138230.0167091516,7000.0,145230.0167091516,0.09375,0.46875,0.4375,0.109375,107,271712.26423325704,16400.0,288112.26423325704,0.0841121495327102,0.4672897196261682,0.4485981308411215,0.1915887850467289,36,75495.67095159303,5500.0,80995.67095159303,0.0,0.6666666666666666,0.3333333333333333,0.3055555555555556,25,76200.0,1125.0,77325.0,0.04,0.24,0.72,0.03,54,9,0.2817606517403138,78.58372185985812,15.778515790450545,12,1,0.3907457701195869,26,7,0.2592536340603012,12,0,0.3333333333333333,4,1,0.1643250743913506,13,95,92,0.065,0.475,0.46,591662.9518940018,591662.9518940018,30025.0,15.778515790450545,0.2817606517403138,
200,U,1,Greedy,ok,,593180.9473364722,0.182774299999437,,,,,,,,,,,0.182774299999437,,,,,,,,,,,,,,,,,,,,0,563155.9473364721,30025.0,32,136097.78192157092,7000.0,143097.78192157092,0.125,0.4375,0.4375,0.109375,107,275362.4944633082,16400.0,291762.4944633082,0.0654205607476635,0.4766355140186916,0.4579439252336448,0.1915887850467289,36,75495.67095159303,5500.0,80995.67095159303,0.0,0.6666666666666666,0.3333333333333333,0.3055555555555556,25,76200.0,1125.0,77325.0,0.04,0.24,0.72,0.03,53,9,0.2767606517403138,78.83372185985812,15.778515790450545,12,1,0.3907457701195869,25,7,0.2499078396677778,12,0,0.3333333333333333,4,1,0.1643250743913506,12,95,93,0.06,0.475,0.465,593180.9473364722,593180.9473364722,30025.0,15.778515790450545,0.2767606517403138,
200,U,1,FIFO,ok,,588678.591099917,0.0986390000016399,,,,,,,,,,,0.0986390000016399,,,,,,,,,,,,,,,,,,,,0,560328.5910999171,28350.0,32,138181.4307086878,5000.0,143181.4307086878,0.09375,0.46875,0.4375,0.078125,107,273451.48943963624,17600.0,291051.48943963624,0.0841121495327102,0.4579439252336448,0.4579439252336448,0.205607476635514,36,75495.67095159303,4625.0,80120.67095159303,0.0,0.6666666666666666,0.3333333333333333,0.2569444444444444,25,73200.0,1125.0,74325.0,0.08,0.24,0.68,0.03,53,11,0.2846887689519854,73.39115835771669,15.771697224359547,11,2,0.384047537537494,26,8,0.2672052230177503,12,0,0.3333333333333333,4,1,0.1622909490519195,14,94,92,0.07,0.47,0.46,588678.591099917,588678.591099917,28350.0,15.771697224359547,0.2846887689519854,
200,U,1,Rolling-Horizon,ok,,584711.2012913715,37.255101800001285,,,,,,,,,,,37.255101800001285,,,,,,,,,,,,,1.0,,,,,,,0,570236.2012913715,14475.0,32,135997.2122041958,4000.0,139997.2122041958,0.125,0.4375,0.4375,0.0625,107,281172.16250251775,6600.0,287772.16250251775,0.0654205607476635,0.4485981308411215,0.4859813084112149,0.0771028037383177,36,78666.826584658,3875.0,82541.826584658,0.0,0.6111111111111112,0.3888888888888889,0.2152777777777778,25,74400.0,0.0,74400.0,0.04,0.28,0.68,0.0,42,6,0.2254631520436654,67.61203912220738,15.780908565453064,6,3,0.2576031238450604,24,2,0.2262823657510916,8,0,0.2222222222222222,4,1,0.185484692412974,12,91,97,0.06,0.455,0.485,584711.2012913715,584711.2012913715,14475.0,15.780908565453064,0.2254631520436654,
200,U,1,Fix-and-Optimize,ok,,582071.0194861728,25.58130809999966,,,,,,,,,,,25.58130809999966,,,,,,,,,,,,,1.0,,,,,,,0,562396.0194861728,19675.0,32,133006.82382306884,4500.0,137506.82382306884,0.125,0.46875,0.40625,0.0703125,107,279493.524711511,10800.0,290293.524711511,0.0654205607476635,0.4579439252336448,0.4766355140186916,0.1261682242990654,36,75495.67095159303,4375.0,79870.67095159303,0.0,0.6666666666666666,0.3333333333333333,0.2430555555555555,25,74400.0,0.0,74400.0,0.04,0.28,0.68,0.0,51,8,0.2644902024941587,77.26897713817516,15.738683819481734,11,1,0.3594957701195869,27,6,0.2630310805262273,10,1,0.2847180621860732,3,0,0.12,12,95,93,0.06,0.475,0.465,582071.0194861728,582071.0194861728,19675.0,15.738683819481734,0.2644902024941587,
200,U,2,CG+IR,ok,,539083.6193973668,33.68277269999999,3.4512229999982083,0.0,0.0,539083.6193973668,539083.6193973668,539083.6193973668,-4.908831215288956e-05,3489.0,11933.0,21.0,33.68277269999999,budgeted_stabilized,Pool LP-IP gap,0.0,0.0,1.0,0.0,273.0,Greedy:200;FIFO:200,-4.908831215288956e-05,simops,Optimal,Optimal,1.0,21.0,4200.0,11556.0,11933.0,-4.908831215288956e-05,0.1024625564746992,0,538108.6193973668,975.0,42,133865.2372979468,0.0,133865.2372979468,0.0,1.0,0.0,0.0,100,222761.8245638277,600.0,223361.8245638277,0.13,0.48,0.39,0.0075,27,81881.55753559223,375.0,82256.55753559223,0.0,0.1111111111111111,0.8888888888888888,0.0277777777777777,31,99600.0,0.0,99600.0,0.1290322580645161,0.0,0.8709677419354839,0.0,46,9,0.2394689831078096,65.95450693933672,15.11972466215796,20,1,0.482119388931532,24,6,0.2515804431506961,0,0,0.0,2,2,0.0802173539150958,17,93,90,0.085,0.465,0.45,539083.6193973668,539083.6193973668,975.0,15.11972466215796,0.2394689831078096,
200,U,2,Restricted-CG,ok,,598456.2467115917,3.246790400000464,0.5024265000010928,0.0,0.0,598456.246711592,598456.246711592,598456.2467115917,-5822.800757254379,11175.0,1930.0,6.0,3.246790400000464,budgeted_stabilized,Pool LP-IP gap,0.0,0.0,1.0,0.0,0.0,,-5822.800757254379,simops,Optimal,Optimal,1.0,6.0,600.0,1730.0,1930.0,-5822.800757254379,0.154745591215565,0,574406.2467115917,24050.0,42,167328.1202642778,11500.0,178828.1202642778,0.0476190476190476,0.6666666666666666,0.2857142857142857,0.1369047619047619,100,242926.7030433032,7800.0,250726.7030433032,0.11,0.44,0.45,0.0975,27,60951.42340401063,3625.0,64576.42340401063,0.0,0.5925925925925926,0.4074074074074074,0.2685185185185185,31,103200.0,1125.0,104325.0,0.032258064516129,0.0967741935483871,0.8709677419354839,0.0241935483870967,45,6,0.2357584858948667,65.26778404670964,15.086497852324689,15,1,0.3775481650914767,21,5,0.2229467424513133,7,0,0.2592592592592592,2,0,0.064516129032258,14,91,95,0.07,0.455,0.475,598456.2467115917,598456.2467115917,24050.0,15.086497852324689,0.2357584858948667,
200,U,2,Greedy,ok,,598456.2467115918,0.1874248999993142,,,,,,,,,,,0.1874248999993142,,,,,,,,,,,,,,,,,,,,0,574406.2467115918,24050.0,42,167328.1202642778,11500.0,178828.1202642778,0.0476190476190476,0.6666666666666666,0.2857142857142857,0.1369047619047619,100,242926.7030433032,7800.0,250726.7030433032,0.11,0.44,0.45,0.0975,27,60951.42340401063,3625.0,64576.42340401063,0.0,0.5925925925925926,0.4074074074074074,0.2685185185185185,31,103200.0,1125.0,104325.0,0.032258064516129,0.0967741935483871,0.8709677419354839,0.0241935483870967,45,6,0.2357584858948667,65.26778404670964,15.086497852324689,15,1,0.3775481650914767,21,5,0.2229467424513133,7,0,0.2592592592592592,2,0,0.064516129032258,14,91,95,0.07,0.455,0.475,598456.2467115918,598456.2467115918,24050.0,15.086497852324689,0.2357584858948667,
200,U,2,FIFO,ok,,597642.9233729115,0.0967012000000977,,,,,,,,,,,0.0967012000000977,,,,,,,,,,,,,,,,,,,,0,573892.9233729115,23750.0,42,170526.90082100028,7000.0,177526.90082100028,0.0476190476190476,0.6428571428571429,0.3095238095238095,0.0833333333333333,100,239214.5991479004,12000.0,251214.5991479004,0.11,0.46,0.43,0.15,27,60951.42340401063,4000.0,64951.42340401063,0.0,0.5925925925925926,0.4074074074074074,0.2962962962962963,31,103200.0,750.0,103950.0,0.032258064516129,0.0967741935483871,0.8709677419354839,0.0161290322580645,47,8,0.2499276930238641,67.01834847630181,15.112622115017684,18,0,0.4285714285714285,20,7,0.2292127078170852,7,0,0.2592592592592592,2,1,0.0665892846149773,14,92,94,0.07,0.46,0.47,597642.9233729115,597642.9233729115,23750.0,15.112622115017684,0.2499276930238641,
200,U,2,Rolling-Horizon,ok,,589846.5367186675,37.03011900000092,,,,,,,,,,,37.03011900000092,,,,,,,,,,,,,1.0,,,,,,,0,571996.5367186675,17850.0,42,167571.5513700876,1000.0,168571.5513700876,0.0476190476190476,0.6666666666666666,0.2857142857142857,0.0119047619047619,100,238067.29465693329,13600.0,251667.29465693329,0.1,0.47,0.43,0.17,27,64357.69069164666,3250.0,67607.69069164665,0.0,0.5185185185185185,0.4814814814814814,0.2407407407407407,31,102000.0,0.0,102000.0,0.064516129032258,0.064516129032258,0.8709677419354839,0.0,31,7,0.1765326163778481,48.10701188517331,15.38752401426937,13,1,0.327255638125675,12,4,0.1448859411087519,5,1,0.2194295073658665,1,1,0.0370514730496024,14,91,95,0.07,0.455,0.475,589846.5367186675,589846.5367186675,17850.0,15.38752401426937,0.1765326163778481,
200,U,2,Fix-and-Optimize,ok,,585263.364591562,23.947753899999952,,,,,,,,,,,23.947753899999952,,,,,,,,,,,,,1.0,,,,,,,0,572213.364591562,13050.0,42,167609.15891068455,3000.0,170609.15891068455,0.0476190476190476,0.6666666666666666,0.2857142857142857,0.0357142857142857,100,239252.78227686687,6800.0,246052.78227686687,0.12,0.44,0.44,0.085,27,60951.42340401063,3250.0,64201.42340401063,0.0,0.5925925925925926,0.4074074074074074,0.2407407407407407,31,104400.0,0.0,104400.0,0.0,0.1290322580645161,0.8709677419354839,0.0,43,10,0.234313650799326,68.26299354094465,15.04474810374014,14,2,0.3586414682542089,19,8,0.2179978849318843,7,0,0.2592592592592592,3,0,0.0967741935483871,14,92,94,0.07,0.46,0.47,585263.364591562,585263.364591562,13050.0,15.04474810374014,0.234313650799326,
200,P,1,CG+IR,ok,,534762.2297989754,34.99277079999956,3.081493399995452,2.8189318026589927e-06,0.0002818931802658,534760.722340719,534760.722340719,534762.2297989754,-78.302459,3595.0,11036.0,20.0,34.99277079999956,budgeted_stabilized,Pool LP-IP gap,0.0,0.0,1.0,4.808776154557577e-11,300.0,Greedy:200;FIFO:200,-78.302459,simops,Optimal,Optimal,1.0,20.0,4000.0,10638.0,11036.0,-78.302459,0.0880608574155977,0,533312.2297989754,1450.0,32,102587.73419524258,500.0,103087.73419524258,0.0,1.0,0.0,0.0078125,107,248571.2001459713,200.0,248771.2001459713,0.102803738317757,0.5046728971962616,0.3925233644859813,0.0023364485981308,36,108953.29545776146,750.0,109703.29545776146,0.0,0.0833333333333333,0.9166666666666666,0.0416666666666666,25,73200.0,0.0,73200.0,0.2,0.04,0.76,0.0,51,5,0.2633311807853535,67.23532176945669,15.87477053895639,13,0,0.40625,35,3,0.3407616414919666,1,0,0.0277777777777777,2,2,0.0881896206972112,16,90,94,0.08,0.45,0.47,534762.2297989754,534762.2297989754,1450.0,15.87477053895639,0.2633311807853535,
200,P,1,Restricted-CG,ok,,608134.3120807593,2.8848383000004105,0.4676557000002503,0.0,0.0,608134.3120807785,608134.3120807785,608134.3120807593,-6246.926966927086,11083.0,1924.0,6.0,2.8848383000004105,budgeted_stabilized,Pool LP-IP gap,0.0,0.0,1.0,1.0720095697285048e-14,0.0,,-6246.926966927086,simops,Optimal,Optimal,1.0,6.0,600.0,1724.0,1924.0,-6246.926966927086,0.1621081153838618,0,587984.3120807593,20150.0,32,167361.5394247906,6000.0,173361.5394247906,0.03125,0.3125,0.65625,0.09375,107,258983.82602803028,11400.0,270383.82602803025,0.1308411214953271,0.4766355140186916,0.3925233644859813,0.1331775700934579,36,80638.9466279389,2750.0,83388.9466279389,0.0,0.5833333333333334,0.4166666666666667,0.1527777777777778,25,81000.0,0.0,81000.0,0.0,0.2,0.8,0.0,57,6,0.2968823031894116,79.24201373300508,15.672219642656607,5,0,0.15625,39,5,0.3861715646344635,9,1,0.2515584228331867,4,0,0.16,15,87,98,0.075,0.435,0.49,608134.3120807593,608134.3120807593,20150.0,15.672219642656607,0.2968823031894116,
200,P,1,Greedy,ok,,608134.3120807598,0.1821273999994446,,,,,,,,,,,0.1821273999994446,,,,,,,,,,,,,,,,,,,,0,587984.3120807598,20150.0,32,167361.5394247906,6000.0,173361.5394247906,0.03125,0.3125,0.65625,0.09375,107,258983.82602803028,11400.0,270383.82602803025,0.1308411214953271,0.4766355140186916,0.3925233644859813,0.1331775700934579,36,80638.9466279389,2750.0,83388.9466279389,0.0,0.5833333333333334,0.4166666666666667,0.1527777777777778,25,81000.0,0.0,81000.0,0.0,0.2,0.8,0.0,57,6,0.2968823031894116,79.24201373300508,15.672219642656607,5,0,0.15625,39,5,0.3861715646344635,9,1,0.2515584228331867,4,0,0.16,15,87,98,0.075,0.435,0.49,608134.3120807598,608134.3120807598,20150.0,15.672219642656607,0.2968823031894116,
200,P,1,FIFO,ok,,606017.2681993165,0.0989889000011317,,,,,,,,,,,0.0989889000011317,,,,,,,,,,,,,,,,,,,,0,585667.2681993165,20350.0,32,161010.1744754144,10000.0,171010.1744754144,0.03125,0.375,0.59375,0.15625,107,264752.8742315977,6600.0,271352.8742315977,0.1214953271028037,0.4579439252336448,0.4205607476635514,0.0771028037383177,36,80704.2194923043,3750.0,84454.2194923043,0.0,0.5833333333333334,0.4166666666666667,0.2083333333333333,25,79200.0,0.0,79200.0,0.0,0.24,0.76,0.0,55,5,0.2851628746773572,72.4984871000567,15.77949445570676,5,0,0.15625,37,3,0.3540462405478437,9,1,0.2553503142041205,4,1,0.1982806354201532,14,88,98,0.07,0.44,0.49,606017.2681993165,606017.2681993165,20350.0,15.77949445570676,0.2851628746773572,
200,P,1,Rolling-Horizon,ok,,611530.4021508544,33.85035739999876,,,,,,,,,,,33.85035739999876,,,,,,,,,,,,,1.0,,,,,,,0,598905.4021508544,12625.0,32,167693.69580749376,5500.0,173193.69580749376,0.03125,0.3125,0.65625,0.0859375,107,267827.8549895565,4000.0,271827.8549895565,0.1214953271028037,0.4485981308411215,0.4299065420560747,0.0467289719626168,36,85383.85135380409,3125.0,88508.85135380409,0.0,0.5,0.5,0.1736111111111111,25,78000.0,0.0,78000.0,0.04,0.2,0.76,0.0,41,1,0.2096303459839244,56.093380582316925,15.933610244645172,5,0,0.15625,25,1,0.242299712119485,8,0,0.2222222222222222,3,0,0.12,15,81,104,0.075,0.405,0.52,611530.4021508544,611530.4021508544,12625.0,15.933610244645172,0.2096303459839244,
200,P,1,Fix-and-Optimize,ok,,596585.7155519859,23.832524400000693,,,,,,,,,,,23.832524400000693,,,,,,,,,,,,,1.0,,,,,,,0,583210.7155519859,13375.0,32,159269.60629143062,3500.0,162769.60629143062,0.0625,0.34375,0.59375,0.0546875,107,262383.16026329226,6000.0,268383.16026329226,0.1121495327102803,0.4859813084112149,0.4018691588785046,0.0700934579439252,36,80557.94899726305,3875.0,84432.94899726305,0.0,0.5833333333333334,0.4166666666666667,0.2152777777777778,25,81000.0,0.0,81000.0,0.0,0.2,0.8,0.0,58,6,0.3051807107453855,80.72758677062413,15.693009457101718,5,0,0.15625,41,6,0.4115527303652066,9,0,0.25,3,0,0.12,14,89,97,0.07,0.445,0.485,596585.7155519859,596585.7155519859,13375.0,15.693009457101718,0.3051807107453855,
200,P,2,CG+IR,ok,,550421.0187226476,34.342585899999904,3.269669800001793,4.330862572150808e-05,0.0043308625721508,550397.1807447585,550397.1807447585,550421.0187226476,-550.000049924839,3705.0,11494.0,20.0,34.342585899999904,budgeted_stabilized,Pool LP-IP gap,0.0,0.0,1.0,0.0,293.0,Greedy:200;FIFO:200,-550.000049924839,simops,Optimal,Optimal,1.0,20.0,4000.0,11104.0,11494.0,-550.000049924839,0.095207443304431,0,549821.0187226476,600.0,42,133362.3240956929,0.0,133362.3240956929,0.0,1.0,0.0,0.0,100,225577.3261037072,600.0,226177.3261037072,0.16,0.46,0.38,0.0075,27,82281.36852324783,0.0,82281.36852324783,0.0,0.037037037037037,0.9629629629629628,0.0,31,108600.0,0.0,108600.0,0.032258064516129,0.0,0.967741935483871,0.0,47,8,0.2560146478836447,66.99799079181123,15.09272047325478,19,1,0.4665359215777918,27,7,0.3060842087046169,0,0,0.0,1,0,0.032258064516129,17,89,94,0.085,0.445,0.47,550421.0187226476,550421.0187226476,600.0,15.09272047325478,0.2560146478836447,
200,P,2,Restricted-CG,ok,,617398.8129587147,3.2110845999995945,0.5190567999998166,0.0,0.0,617398.8129587147,617398.8129587147,617398.8129587147,-7191.7918841285245,9203.0,1907.0,6.0,3.2110845999995945,budgeted_stabilized,Pool LP-IP gap,0.0,0.0,1.0,0.0,0.0,,-7191.7918841285245,simops,Optimal,Optimal,1.0,6.0,600.0,1707.0,1907.0,-7191.7918841285245,0.1616453207118498,0,600973.8129587147,16425.0,42,199818.9356841717,8000.0,207818.9356841717,0.0,0.5,0.5,0.0952380952380952,100,240229.6392860085,5800.0,246029.6392860085,0.14,0.44,0.42,0.0725,27,64925.23798853485,0.0,64925.23798853485,0.0,0.4444444444444444,0.5555555555555556,0.0,31,96000.0,2625.0,98625.0,0.032258064516129,0.2258064516129032,0.7419354838709677,0.0564516129032258,53,7,0.2797619795088937,71.38893323577095,14.85287190288438,10,0,0.238095238095238,29,4,0.2999469625590112,8,2,0.3611515969482805,6,1,0.2002131138152917,15,84,101,0.075,0.42,0.505,617398.8129587147,617398.8129587147,16425.0,14.85287190288438,0.2797619795088937,
200,P,2,Greedy,ok,,617398.8129587149,0.1845845000007102,,,,,,,,,,,0.1845845000007102,,,,,,,,,,,,,,,,,,,,0,600973.8129587148,16425.0,42,199818.9356841717,8000.0,207818.9356841717,0.0,0.5,0.5,0.0952380952380952,100,240229.6392860085,5800.0,246029.6392860085,0.14,0.44,0.42,0.0725,27,64925.23798853485,0.0,64925.23798853485,0.0,0.4444444444444444,0.5555555555555556,0.0,31,96000.0,2625.0,98625.0,0.032258064516129,0.2258064516129032,0.7419354838709677,0.0564516129032258,53,7,0.2797619795088937,71.38893323577095,14.85287190288438,10,0,0.238095238095238,29,4,0.2999469625590112,8,2,0.3611515969482805,6,1,0.2002131138152917,15,84,101,0.075,0.42,0.505,617398.8129587149,617398.8129587149,16425.0,14.85287190288438,0.2797619795088937,
200,P,2,FIFO,ok,,615203.6055051198,0.0996153000014601,,,,,,,,,,,0.0996153000014601,,,,,,,,,,,,,,,,,,,,0,600153.6055051198,15050.0,42,197853.4894024648,6500.0,204353.4894024648,0.0238095238095238,0.4761904761904761,0.5,0.0773809523809523,100,242763.0902718719,5800.0,248563.0902718719,0.13,0.44,0.43,0.0725,27,63537.025830783445,2000.0,65537.02583078344,0.0,0.4814814814814814,0.5185185185185185,0.1481481481481481,31,96000.0,750.0,96750.0,0.032258064516129,0.2258064516129032,0.7419354838709677,0.0161290322580645,49,7,0.2636424499710165,73.18210642990844,14.909873185754284,10,1,0.2586638699574827,27,4,0.2902418466206234,5,2,0.2163119553306178,7,0,0.2258064516129032,15,84,101,0.075,0.42,0.505,615203.6055051198,615203.6055051198,15050.0,14.909873185754284,0.2636424499710165,
200,P,2,Rolling-Horizon,ok,,625900.5087840774,35.25615209999887,,,,,,,,,,,35.25615209999887,,,,,,,,,,,,,1.0,,,,,,,0,614625.5087840774,11275.0,42,210215.7556743145,1500.0,211715.7556743145,0.0238095238095238,0.3809523809523809,0.5952380952380952,0.0178571428571428,100,246736.59462934223,7400.0,254136.59462934223,0.12,0.44,0.44,0.0925,27,63473.15848042061,2375.0,65848.1584804206,0.0,0.4814814814814814,0.5185185185185185,0.1759259259259259,31,94200.0,0.0,94200.0,0.032258064516129,0.2580645161290322,0.7096774193548387,0.0,36,11,0.2083739456543087,62.8994882730247,15.09518248454566,5,1,0.1372352985289112,22,6,0.2478619213408456,4,2,0.189635982812717,5,2,0.1936949329877273,14,81,105,0.07,0.405,0.525,625900.5087840774,625900.5087840774,11275.0,15.09518248454566,0.2083739456543087,
200,P,2,Fix-and-Optimize,ok,,610719.7585780425,23.804721199998312,,,,,,,,,,,23.804721199998312,,,,,,,,,,,,,1.0,,,,,,,0,598794.7585780425,11925.0,42,197853.4894024648,5000.0,202853.4894024648,0.0238095238095238,0.4761904761904761,0.5,0.0595238095238095,100,239604.2433447943,6800.0,246404.2433447943,0.13,0.46,0.41,0.085,27,63537.025830783445,125.0,63662.025830783445,0.0,0.4814814814814814,0.5185185185185185,0.0092592592592592,31,97800.0,0.0,97800.0,0.032258064516129,0.1935483870967742,0.7741935483870968,0.0,48,6,0.2613917980724779,71.44302566751591,14.955108602638964,10,1,0.2546956159892287,26,4,0.2876154731944454,6,0,0.2222222222222222,6,1,0.2199869814033366,15,85,100,0.075,0.425,0.5,610719.7585780425,610719.7585780425,11925.0,14.955108602638964,0.2613917980724779,
200,L,1,CG+IR,ok,,501247.466924929,40.65306330000021,3.199572499999704,6.768325606809945e-05,0.0067683256068099,501213.5408642717,501213.5408642717,501247.466924929,-65.73984639332684,9904.0,13274.0,20.0,40.65306330000021,budgeted_stabilized,Pool LP-IP gap,0.0,0.0,1.0,1.2841805348109268e-11,295.0,Greedy:200;FIFO:200,-65.73984639332684,simops,Optimal,Optimal,1.0,20.0,4000.0,12862.0,13274.0,-65.73984639332684,0.0787043396063018,0,499972.466924929,1275.0,32,100994.1115586618,0.0,100994.1115586618,0.0,1.0,0.0,0.0,107,242397.66115926136,400.0,242797.66115926136,0.1214953271028037,0.514018691588785,0.3644859813084112,0.0046728971962616,36,107980.69420700562,875.0,108855.69420700562,0.0,0.0833333333333333,0.9166666666666666,0.0486111111111111,25,48600.0,0.0,48600.0,0.24,0.52,0.24,0.0,57,11,0.2987668419120845,80.58973770709969,19.761664121567414,16,0,0.5,32,7,0.318317603639281,0,0,0.0,9,4,0.3877353917205535,19,103,78,0.095,0.515,0.39,501247.466924929,501247.466924929,1275.0,19.761664121567414,0.2987668419120845,
200,L,1,Restricted-CG,ok,,561864.9240215687,3.0405986000005214,0.4774323999972694,0.0,0.0,561864.9240215688,561864.9240215688,561864.9240215687,-7142.115860652913,9301.0,1901.0,6.0,3.0405986000005214,budgeted_stabilized,Pool LP-IP gap,0.0,0.0,1.0,0.0,0.0,,-7142.115860652913,simops,Optimal,Optimal,1.0,6.0,600.0,1701.0,1901.0,-7142.115860652913,0.1570192132553068,0,533864.9240215687,28000.0,32,129642.23605303316,5500.0,135142.23605303315,0.125,0.5,0.375,0.0859375,107,257837.7120887296,20000.0,277837.7120887296,0.0934579439252336,0.5233644859813084,0.3831775700934579,0.2336448598130841,36,73784.97587980583,2500.0,76284.97587980583,0.0,0.6944444444444444,0.3055555555555556,0.1388888888888889,25,72600.0,0.0,72600.0,0.04,0.32,0.64,0.0,71,6,0.3650293649268467,99.05295040520014,19.689306701352795,14,0,0.4375,37,4,0.3621759240428263,14,1,0.3913843898146399,6,1,0.2465284431783951,15,105,80,0.075,0.525,0.4,561864.9240215687,561864.9240215687,28000.0,19.689306701352795,0.3650293649268467,
200,L,1,Greedy,ok,,561864.9240215686,0.184075600000142,,,,,,,,,,,0.184075600000142,,,,,,,,,,,,,,,,,,,,0,533864.9240215687,28000.0,32,129642.23605303316,5500.0,135142.23605303315,0.125,0.5,0.375,0.0859375,107,257837.7120887296,20000.0,277837.7120887296,0.0934579439252336,0.5233644859813084,0.3831775700934579,0.2336448598130841,36,73784.97587980583,2500.0,76284.97587980583,0.0,0.6944444444444444,0.3055555555555556,0.1388888888888889,25,72600.0,0.0,72600.0,0.04,0.32,0.64,0.0,71,6,0.3650293649268467,99.05295040520014,19.689306701352795,14,0,0.4375,37,4,0.3621759240428263,14,1,0.3913843898146399,6,1,0.2465284431783951,15,105,80,0.075,0.525,0.4,561864.9240215686,561864.9240215686,28000.0,19.689306701352795,0.3650293649268467,
200,L,1,FIFO,ok,,555913.949802914,0.1056961000012961,,,,,,,,,,,0.1056961000012961,,,,,,,,,,,,,,,,,,,,0,536638.949802914,19275.0,32,129642.23605303316,4000.0,133642.23605303315,0.125,0.5,0.375,0.0625,107,261811.7378700749,13400.0,275211.7378700749,0.0841121495327102,0.514018691588785,0.4018691588785046,0.1565420560747663,36,73784.97587980583,1875.0,75659.97587980583,0.0,0.6944444444444444,0.3055555555555556,0.1041666666666666,25,71400.0,0.0,71400.0,0.08,0.28,0.64,0.0,68,9,0.3635527346974115,96.9797416932729,19.6183634437368,12,3,0.4290588917725099,36,3,0.3535095531277253,13,2,0.3669160445252365,7,1,0.317846504607475,15,103,82,0.075,0.515,0.41,555913.949802914,555913.949802914,19275.0,19.6183634437368,0.3635527346974115,
200,L,1,Rolling-Horizon,ok,,562477.4484315177,29.980169000000387,,,,,,,,,,,29.980169000000387,,,,,,,,,,,,,1.0,,,,,,,0,544377.4484315177,18100.0,32,127101.03639115593,2000.0,129101.03639115593,0.125,0.53125,0.34375,0.03125,107,275932.1540417099,11600.0,287532.1540417099,0.0654205607476635,0.4766355140186916,0.4579439252336448,0.1355140186915887,36,75344.25799865191,4500.0,79844.25799865191,0.0,0.6666666666666666,0.3333333333333333,0.25,25,66000.0,0.0,66000.0,0.08,0.4,0.52,0.0,54,5,0.2836347532471841,85.73657048967547,19.82244821457244,9,2,0.3311980442953537,24,1,0.2254900359574793,14,1,0.3911659045258519,7,1,0.3167682728641821,13,102,85,0.065,0.51,0.425,562477.4484315177,562477.4484315177,18100.0,19.82244821457244,0.2836347532471841,
200,L,1,Fix-and-Optimize,ok,,551869.3497517598,19.73167999999896,,,,,,,,,,,19.73167999999896,,,,,,,,,,,,,1.0,,,,,,,0,535419.3497517598,16450.0,32,126161.00176696686,2500.0,128661.00176696686,0.125,0.53125,0.34375,0.0390625,107,263145.5512670408,11200.0,274345.5512670408,0.0934579439252336,0.4953271028037383,0.411214953271028,0.1308411214953271,36,73512.7967177522,2750.0,76262.7967177522,0.0,0.6944444444444444,0.3055555555555556,0.1527777777777778,25,72600.0,0.0,72600.0,0.04,0.32,0.64,0.0,67,6,0.3455824626179904,90.85396025232616,19.642370197971385,14,0,0.4375,33,5,0.3273519111240285,12,1,0.3358288342590844,8,0,0.32,15,103,82,0.075,0.515,0.41,551869.3497517598,551869.3497517598,16450.0,19.642370197971385,0.3455824626179904,
200,L,2,CG+IR,ok,,514609.1150606575,37.63452860000143,3.3314130999988265,7.84722906507616e-06,0.0007847229065076,514605.07680505264,514605.07680505264,514609.1150606575,-4.908831215288956e-05,4544.0,12276.0,20.0,37.63452860000143,budgeted_stabilized,Pool LP-IP gap,0.0,0.0,1.0,0.0,300.0,Greedy:200;FIFO:200,-4.908831215288956e-05,simops,Optimal,Optimal,1.0,20.0,4000.0,11861.0,12276.0,-4.908831215288956e-05,0.0885201229808601,0,513059.1150606575,1550.0,42,133865.2372979468,0.0,133865.2372979468,0.0,1.0,0.0,0.0,100,220432.9648874936,800.0,221232.9648874936,0.14,0.48,0.38,0.01,27,81960.912875217,750.0,82710.912875217,0.0,0.1111111111111111,0.8888888888888888,0.0555555555555555,31,76800.0,0.0,76800.0,0.1612903225806451,0.3548387096774194,0.4838709677419355,0.0,56,9,0.3030312898734022,86.11804027956299,19.136933715072946,21,2,0.5069350538441044,27,4,0.29544393281484,0,0,0.0,8,3,0.3151804010240019,19,104,77,0.095,0.52,0.385,514609.1150606575,514609.1150606575,1550.0,19.136933715072946,0.3030312898734022,
200,L,2,Restricted-CG,ok,,566123.1598157155,3.1633826999986923,0.5133976999968581,2.0563603486003002e-16,2.0563603486003e-14,566123.1598157154,566123.1598157154,566123.1598157155,-5822.800757254379,14859.0,1908.0,6.0,3.1633826999986923,budgeted_stabilized,Pool LP-IP gap,0.0,0.0,1.0,0.0,0.0,,-5822.800757254379,simops,Optimal,Optimal,1.0,6.0,600.0,1708.0,1908.0,-5822.800757254379,0.1622938950753794,0,548923.1598157155,17200.0,42,164410.37835396206,3000.0,167410.37835396206,0.0476190476190476,0.6904761904761905,0.2619047619047619,0.0357142857142857,100,222161.3580577428,11200.0,233361.3580577428,0.13,0.52,0.35,0.14,27,60951.42340401063,3000.0,63951.42340401063,0.0,0.5925925925925926,0.4074074074074074,0.2222222222222222,31,101400.0,0.0,101400.0,0.032258064516129,0.1290322580645161,0.8387096774193549,0.0,56,11,0.3039401145115158,84.16896145103354,19.009810756238355,19,0,0.4523809523809524,27,9,0.3036746801136151,7,1,0.2909735951065689,3,1,0.1149763813891708,16,101,83,0.08,0.505,0.415,566123.1598157155,566123.1598157155,17200.0,19.009810756238355,0.3039401145115158,
200,L,2,Greedy,ok,,566123.1598157155,0.1932490999988658,,,,,,,,,,,0.1932490999988658,,,,,,,,,,,,,,,,,,,,0,548923.1598157155,17200.0,42,164410.37835396206,3000.0,167410.37835396206,0.0476190476190476,0.6904761904761905,0.2619047619047619,0.0357142857142857,100,222161.3580577428,11200.0,233361.3580577428,0.13,0.52,0.35,0.14,27,60951.42340401063,3000.0,63951.42340401063,0.0,0.5925925925925926,0.4074074074074074,0.2222222222222222,31,101400.0,0.0,101400.0,0.032258064516129,0.1290322580645161,0.8387096774193549,0.0,56,11,0.3039401145115158,84.16896145103354,19.009810756238355,19,0,0.4523809523809524,27,9,0.3036746801136151,7,1,0.2909735951065689,3,1,0.1149763813891708,16,101,83,0.08,0.505,0.415,566123.1598157155,566123.1598157155,17200.0,19.009810756238355,0.3039401145115158,
200,L,2,FIFO,ok,,568409.0539064441,0.1088373999991745,,,,,,,,,,,0.1088373999991745,,,,,,,,,,,,,,,,,,,,0,546434.0539064441,21975.0,42,164159.28854504623,2000.0,166159.28854504623,0.0476190476190476,0.6904761904761905,0.2619047619047619,0.0238095238095238,100,221123.3419573872,16600.0,237723.3419573872,0.12,0.54,0.34,0.2075,27,60951.42340401063,3375.0,64326.42340401063,0.0,0.5925925925925926,0.4074074074074074,0.25,31,100200.0,0.0,100200.0,0.064516129032258,0.0967741935483871,0.8387096774193549,0.0,54,11,0.2957003374381433,82.5932555318503,19.11642171319772,19,1,0.4547522329826653,25,8,0.2921649910364363,8,0,0.2962962962962963,2,2,0.0910959547971962,16,102,82,0.08,0.51,0.41,568409.0539064441,568409.0539064441,21975.0,19.11642171319772,0.2957003374381433,
200,L,2,Rolling-Horizon,ok,,572211.2652731843,34.53368539999974,,,,,,,,,,,34.53368539999974,,,,,,,,,,,,,1.0,,,,,,,0,556136.2652731843,16075.0,42,164151.24001068744,3500.0,167651.24001068744,0.0476190476190476,0.6904761904761905,0.2619047619047619,0.0416666666666666,100,229793.58220254772,9200.0,238993.58220254772,0.11,0.51,0.38,0.115,27,62591.44305994911,3375.0,65966.44305994912,0.0,0.5555555555555556,0.4444444444444444,0.25,31,99600.0,0.0,99600.0,0.032258064516129,0.1612903225806451,0.8064516129032258,0.0,48,9,0.2515586828632902,63.98701860525567,19.22781665953477,15,2,0.3774801027871423,25,6,0.2644845240481253,5,1,0.185522957436501,3,0,0.0967741935483871,14,100,86,0.07,0.5,0.43,572211.2652731843,572211.2652731843,16075.0,19.22781665953477,0.2515586828632902,
200,L,2,Fix-and-Optimize,ok,,555249.5362784135,19.990573899998708,,,,,,,,,,,19.990573899998708,,,,,,,,,,,,,1.0,,,,,,,0,545649.5362784135,9600.0,42,158034.71754364923,2500.0,160534.71754364923,0.047619047619047616,0.7380952380952381,0.21428571428571427,0.02976190476190476,100,225263.3953307537,5600.0,230863.3953307537,0.13,0.5,0.37,0.07,27,60951.42340401063,1500.0,62451.42340401063,0.0,0.5925925925925926,0.4074074074074074,0.1111111111111111,31,101400.0,0.0,101400.0,0.03225806451612903,0.12903225806451613,0.8387096774193549,0.0,54,11,0.2930180168402634,83.79179165676585,19.021293903003116,19,1,0.4626887409191733,25,9,0.28910969473798626,8,0,0.2962962962962963,2,1,0.07289376695641246,16,101,83,0.08,0.505,0.415,555249.5362784135,555249.5362784135,9600.0,19.021293903003116,0.2930180168402634,
