obj,runtime_total,runtime_pricing,gap,gap_pct,lp_lower_bound,lp_obj_final_pool,irmp_obj,pool_gap_pct,min_reduced_cost_scanned_last,num_negative_columns_scanned_last,num_columns_added_last,min_reduced_cost_added_last,best_reduced_cost_last,num_negative_columns_last,num_columns_total,iterations,runtime_sec,cg_status,gap_type,full_pricing_converged,pricing_converged,objective_stabilized,relative_improvement_last_5,injected_columns_count,injected_incumbent_methods,min_reduced_cost,status,operation_mode,lp_status,ip_status,success,num_iters,num_pricing_calls,num_columns_added,n_columns_generated,min_reduced_cost_last,pricing_time_share,infeasible_jobs,cost_energy,cost_delay,type_A_count,type_A_cost_energy,type_A_cost_delay,type_A_cost_total,type_A_shore_ratio,type_A_battery_ratio,type_A_brown_ratio,type_A_avg_tardy_hours,type_B_count,type_B_cost_energy,type_B_cost_delay,type_B_cost_total,type_B_shore_ratio,type_B_battery_ratio,type_B_brown_ratio,type_B_avg_tardy_hours,type_C_count,type_C_cost_energy,type_C_cost_delay,type_C_cost_total,type_C_shore_ratio,type_C_battery_ratio,type_C_brown_ratio,type_C_avg_tardy_hours,type_D_count,type_D_cost_energy,type_D_cost_delay,type_D_cost_total,type_D_shore_ratio,type_D_battery_ratio,type_D_brown_ratio,type_D_avg_tardy_hours,num_fully_masked,num_partially_masked,avg_masking_rate,time_saved_total,avg_stay_time,num_fully_masked_type_A,num_partially_masked_type_A,avg_masking_rate_type_A,num_fully_masked_type_B,num_partially_masked_type_B,avg_masking_rate_type_B,num_fully_masked_type_C,num_partially_masked_type_C,avg_masking_rate_type_C,num_fully_masked_type_D,num_partially_masked_type_D,avg_masking_rate_type_D,avg_delay_h,delay_cost,emissions_total_kg,emissions_total_tCO2,mode_shore_count,mode_battery_count,mode_brown_count,SP_share,BS_share,AE_share,objective,total_cost,avg_stay_h,masking_rate,N,scenario,seed,method,dominance_check_passed,stabilization_applicable,objective_stabilized_rate_display,simops_saving_pct
253216.75304010254,3.5582885000039823,0.5490251000082935,0.0002468212080485468,0.02468212080485468,253154.25377521905,253154.25377521905,253216.75304010254,0.02468212080485468,-432.1492381541134,441,0,0.0,-432.1492381541134,441,1932,10,3.5582885000039823,budgeted_max_iter,Pool LP-IP gap,False,False,False,0.0,126,Greedy:110;FIFO:110,-432.1492381541134,ok,sequential,Optimal,Optimal,True,10,1100,1743,1932,-432.1492381541134,0.15429471219314542,0,251891.75304010254,1325.0,20,62167.733054101875,0.0,62167.733054101875,0.0,1.0,0.0,0.0,54,112796.63577065381,1200.0,113996.63577065381,0.2037037037037037,0.4444444444444444,0.35185185185185186,0.027777777777777776,20,47527.384215346785,125.0,47652.384215346785,0.0,0.45,0.55,0.0125,16,29400.0,0.0,29400.0,0.0625,0.875,0.0625,0.0,0,0,0.0,0.0,12.764767621609206,0,0,0.0,0,0,0.0,0,0,0.0,0,0,0.0,0.04534695278746416,1325.0,241459.95606241564,241.45995606241564,12,67,31,0.10909090909090909,0.6090909090909091,0.2818181818181818,253216.75304010254,253216.75304010254,12.764767621609206,0.0,110,U,1,CG+IR,True,True,False,
206962.13433448982,25.26930010000069,1.702591899993422,0.0010794342146044614,0.10794342146044614,206738.7323255616,206738.7323255616,206962.13433448982,0.10794342146044614,-110.55696682002167,3217,30,-71.80936819023827,-110.55696682002167,3217,6863,20,25.26930010000069,budgeted_max_iter,Pool LP-IP gap,False,False,False,0.0,274,incumbent:110;Greedy:110;FIFO:110,-110.55696682002167,ok,simops,Optimal,Optimal,True,20,2200,6526,6863,-110.55696682002167,0.0673778811940017,0,206012.13433448982,950.0,20,62167.733054101875,0.0,62167.733054101875,0.0,1.0,0.0,0.0,54,79987.10404315486,200.0,80187.10404315486,0.2962962962962963,0.6666666666666666,0.037037037037037035,0.004629629629629629,20,35057.29723723301,750.0,35807.29723723301,0.0,0.85,0.15,0.075,16,28800.0,0.0,28800.0,0.0,1.0,0.0,0.0,39,13,0.4158834634625027,62.71325947391531,15.793365448155885,8,1,0.4174109485630912,18,9,0.41966626876883073,3,1,0.1952626629724995,10,2,0.676983139790414,0.03421325524498846,950.0,217963.39062353797,217.96339062353798,16,89,5,0.14545454545454545,0.8090909090909091,0.045454545454545456,206962.13433448982,206962.13433448982,15.793365448155885,0.4158834634625027,110,U,1,CG+IR,True,True,False,18.26680823850832
274638.78226624534,3.4849918999971123,0.5683297000068706,0.0,0.0,274638.7822662454,274638.7822662454,274638.78226624534,0.0,-374.0722636195487,481,0,0.0,-374.0722636195487,481,1993,10,3.4849918999971123,budgeted_max_iter,Pool LP-IP gap,False,False,False,0.0,130,Greedy:110;FIFO:110,-374.0722636195487,ok,sequential,Optimal,Optimal,True,10,1100,1801,1993,-374.0722636195487,0.16307920256782849,0,271438.78226624534,3200.0,24,74750.86136446585,0.0,74750.86136446585,0.0,1.0,0.0,0.0,59,128617.59646613122,2200.0,130817.59646613122,0.15254237288135594,0.4915254237288136,0.3559322033898305,0.046610169491525424,13,38070.32443564832,250.0,38320.32443564832,0.0,0.23076923076923078,0.7692307692307693,0.038461538461538464,14,30000.0,750.0,30750.0,0.14285714285714285,0.5714285714285714,0.2857142857142857,0.03571428571428571,0,0,0.0,0.0,12.505325089361378,0,0,0.0,0,0,0.0,0,0,0.0,0,0,0.0,0.057139114879102205,3200.0,256383.92807890847,256.38392807890847,11,64,35,0.1,0.5818181818181818,0.3181818181818182,274638.78226624534,274638.78226624534,12.505325089361378,0.0,110,U,2,CG+IR,True,True,False,
216966.4164126222,31.679258399999526,1.8363947999969241,0.0,0.0,216966.4164126222,216966.4164126222,216966.4164126222,0.0,-400.0000127680481,2451,55,-171.09944636194086,-400.0000127680481,2451,9252,20,31.679258399999526,budgeted_stabilized,Pool LP-IP gap,False,False,True,0.0,283,incumbent:110;Greedy:110;FIFO:110,-400.0000127680481,ok,simops,Optimal,Optimal,True,20,2200,8904,9252,-400.0000127680481,0.05796836456237724,0,215316.4164126222,1650.0,24,74750.86136446585,0.0,74750.86136446585,0.0,1.0,0.0,0.0,59,92086.18735488459,1400.0,93486.18735488459,0.2542372881355932,0.711864406779661,0.03389830508474576,0.029661016949152543,13,24479.367693271797,250.0,24729.367693271797,0.0,0.8461538461538461,0.15384615384615385,0.038461538461538464,14,24000.0,0.0,24000.0,0.07142857142857142,0.9285714285714286,0.0,0.0,46,12,0.4653454663940678,73.27704365864973,16.003018969397047,11,1,0.4657872263039735,18,11,0.38998487918732383,4,0,0.3076923076923077,13,0,0.9285714285714286,0.040965441982227783,1650.0,227016.84250389662,227.0168425038966,16,90,4,0.14545454545454545,0.8181818181818182,0.03636363636363636,216966.4164126222,216966.4164126222,16.003018969397047,0.4653454663940678,110,U,2,CG+IR,True,True,True,20.99935245041734
263541.12668413715,2.8564259999984642,0.4786937000026228,0.0,0.0,263541.12668413715,263541.12668413715,263541.12668413715,0.0,-382.98733225898513,435,0,0.0,-382.98733225898513,435,1676,9,2.8564259999984642,budgeted_max_iter,Pool LP-IP gap,False,False,False,0.0,127,Greedy:110;FIFO:110,-382.98733225898513,ok,sequential,Optimal,Optimal,True,9,990,1481,1676,-382.98733225898513,0.16758484203787535,0,260816.12668413713,2725.0,20,63469.153160243026,0.0,63469.153160243026,0.0,1.0,0.0,0.0,58,125258.97549330583,1600.0,126858.97549330583,0.1724137931034483,0.4482758620689655,0.3793103448275862,0.034482758620689655,20,51687.998030588176,1125.0,52812.998030588176,0.0,0.35,0.65,0.1125,12,20400.0,0.0,20400.0,0.08333333333333333,0.9166666666666666,0.0,0.0,0,0,0.0,0.0,11.886315003186926,0,0,0.0,0,0,0.0,0,0,0.0,0,0,0.0,0.06406025255807729,2725.0,246613.73339683132,246.61373339683132,11,64,35,0.1,0.5818181818181818,0.3181818181818182,263541.12668413715,263541.12668413715,11.886315003186926,0.0,110,U,3,CG+IR,True,True,False,
211196.22744657763,26.010551100000157,1.715984699971159,0.0006279118838115258,0.06279118838115258,211063.61482554776,211063.61482554776,211196.22744657763,0.06279118838115258,-123.57198402712265,3208,5,-4.6716055294382386e-05,-123.57198402712265,3208,7991,20,26.010551100000157,budgeted_max_iter,Pool LP-IP gap,False,False,False,5.8803733215477866e-12,275,incumbent:110;Greedy:110;FIFO:110,-123.57198402712265,ok,simops,Optimal,Optimal,True,20,2200,7657,7991,-123.57198402712265,0.06597263907919078,0,209421.22744657763,1775.0,20,63469.153160243026,0.0,63469.153160243026,0.0,1.0,0.0,0.0,58,88515.21491802298,400.0,88915.21491802298,0.29310344827586204,0.6551724137931034,0.05172413793103448,0.008620689655172414,20,35836.85936831166,1375.0,37211.85936831166,0.0,0.85,0.15,0.1375,12,21600.0,0.0,21600.0,0.0,1.0,0.0,0.0,45,8,0.4439913676183667,69.62906239165191,16.11514915366084,8,0,0.4,24,8,0.47998362824172996,6,0,0.3,7,0,0.5833333333333334,0.05301389567689473,1775.0,220620.53857484664,220.62053857484665,17,87,6,0.15454545454545454,0.7909090909090909,0.05454545454545454,211196.22744657763,211196.22744657763,16.11514915366084,0.4439913676183667,110,U,3,CG+IR,True,True,False,19.86213684981951
254630.7942791791,2.493639100001019,0.3962208000011742,0.0,0.0,254630.7942791791,254630.7942791791,254630.7942791791,0.0,-410.2243596786875,437,0,0.0,-410.2243596786875,437,1752,7,2.493639100001019,budgeted_max_iter,Pool LP-IP gap,False,False,False,0.0,125,Greedy:110;FIFO:110,-410.2243596786875,ok,sequential,Optimal,Optimal,True,7,770,1556,1752,-410.2243596786875,0.15889259997608007,0,251855.7942791791,2775.0,17,53655.38673211361,0.0,53655.38673211361,0.0,1.0,0.0,0.0,61,115329.95506864623,2400.0,117729.95506864623,0.18032786885245902,0.6557377049180327,0.16393442622950818,0.04918032786885246,12,34870.4524784194,0.0,34870.4524784194,0.0,0.08333333333333333,0.9166666666666666,0.0,20,48000.0,375.0,48375.0,0.1,0.5,0.4,0.0125,0,0,0.0,0.0,13.348977017104186,0,0,0.0,0,0,0.0,0,0,0.0,0,0,0.0,0.058435884480952924,2775.0,243600.29512899034,243.60029512899035,13,68,29,0.11818181818181818,0.6181818181818182,0.2636363636363636,254630.7942791791,254630.7942791791,13.348977017104186,0.0,110,U,4,CG+IR,True,True,False,
202849.04159781738,30.234334200002195,1.819821899982344,0.0003917607910767227,0.03917607910767227,202769.57329681187,202769.57329681187,202849.04159781738,0.03917607910767227,-200.00004415694957,1509,3,-184.8743734911268,-200.00004415694957,1509,7726,20,30.234334200002195,budgeted_max_iter,Pool LP-IP gap,False,False,False,0.0,274,incumbent:110;Greedy:110;FIFO:110,-200.00004415694957,ok,simops,Optimal,Optimal,True,20,2200,7383,7726,-200.00004415694957,0.0601905730069694,0,202049.04159781738,800.0,17,53655.38673211361,0.0,53655.38673211361,0.0,1.0,0.0,0.0,61,94178.26049466795,800.0,94978.26049466795,0.2786885245901639,0.7213114754098361,0.0,0.01639344262295082,12,18215.39437103589,0.0,18215.39437103589,0.0,1.0,0.0,0.0,20,36000.0,0.0,36000.0,0.0,1.0,0.0,0.0,46,13,0.4687227081729946,64.43948594536401,16.2793899372969,7,2,0.4630442911207452,20,11,0.4047171303274877,8,0,0.6666666666666666,11,0,0.55,0.029271864733565293,800.0,217322.48606738262,217.3224860673826,17,93,0,0.15454545454545454,0.8454545454545455,0.0,202849.04159781738,202849.04159781738,16.2793899372969,0.4687227081729946,110,U,4,CG+IR,True,True,False,20.33601349277017
270575.1731792711,2.549105599995528,0.46443550000549294,2.151256533610406e-16,2.151256533610406e-14,270575.17317927105,270575.17317927105,270575.1731792711,2.151256533610406e-14,-415.1650271740614,409,0,0.0,-415.1650271740614,409,1659,8,2.549105599995528,budgeted_max_iter,Pool LP-IP gap,False,False,False,0.0,116,Greedy:110;FIFO:110,-415.1650271740614,ok,sequential,Optimal,Optimal,True,8,880,1483,1659,-415.1650271740614,0.18219547279889375,0,268125.1731792711,2450.0,19,62077.502299093074,0.0,62077.502299093074,0.0,1.0,0.0,0.0,55,109041.7935966833,2200.0,111241.7935966833,0.16363636363636364,0.6,0.23636363636363636,0.05,18,50805.877283494665,250.0,51055.877283494665,0.0,0.2222222222222222,0.7777777777777778,0.027777777777777776,18,46200.0,0.0,46200.0,0.1111111111111111,0.3888888888888889,0.5,0.0,0,0,0.0,0.0,11.460900749029562,0,0,0.0,0,0,0.0,0,0,0.0,0,0,0.0,0.054495263428669234,2450.0,251645.11535037105,251.64511535037104,11,63,36,0.1,0.5727272727272728,0.32727272727272727,270575.1731792711,270575.1731792711,11.460900749029562,0.0,110,U,5,CG+IR,True,True,False,
219032.68309303964,26.002841100002115,1.7771019999854616,0.0003551629860422741,0.03551629860422741,218954.89079127146,218954.89079127146,219032.68309303964,0.03551629860422741,-201.21272717406146,896,12,-46.08537627731221,-201.21272717406146,896,7940,20,26.002841100002115,budgeted_max_iter,Pool LP-IP gap,False,False,False,1.019439414445272e-10,273,incumbent:110;Greedy:110;FIFO:110,-201.21272717406146,ok,simops,Optimal,Optimal,True,20,2200,7611,7940,-201.21272717406146,0.06834260891535106,0,218007.68309303964,1025.0,19,62077.502299093074,0.0,62077.502299093074,0.0,1.0,0.0,0.0,55,87205.4385941557,400.0,87605.4385941557,0.2727272727272727,0.6545454545454545,0.07272727272727272,0.00909090909090909,18,37524.74219979079,625.0,38149.74219979079,0.0,0.6666666666666666,0.3333333333333333,0.06944444444444445,18,31200.0,0.0,31200.0,0.05555555555555555,0.9444444444444444,0.0,0.0,43,10,0.4321244934300458,67.38586490347957,14.792887179243317,9,0,0.47368421052631576,16,10,0.3733398959510007,5,0,0.2777777777777778,13,0,0.7222222222222222,0.041382649928233484,1025.0,226396.42523975804,226.39642523975803,16,84,10,0.14545454545454545,0.7636363636363637,0.09090909090909091,219032.68309303964,219032.68309303964,14.792887179243317,0.4321244934300458,110,U,5,CG+IR,True,True,False,19.049231117772102
252854.28727485405,3.474379899998894,0.6171237000162364,1.1510119432975115e-16,1.1510119432975115e-14,252854.28727485402,252854.28727485402,252854.28727485405,1.1510119432975115e-14,-422.6177496919436,259,0,0.0,-422.6177496919436,259,1636,11,3.474379899998894,budgeted_max_iter,Pool LP-IP gap,False,False,False,0.0,132,Greedy:110;FIFO:110,-422.6177496919436,ok,sequential,Optimal,Optimal,True,11,1210,1428,1636,-422.6177496919436,0.1776212497707671,0,251804.28727485405,1050.0,21,65031.204741304085,0.0,65031.204741304085,0.0,1.0,0.0,0.0,51,100760.81220749598,800.0,101560.81220749598,0.17647058823529413,0.5882352941176471,0.23529411764705882,0.0196078431372549,17,46412.270326053935,250.0,46662.270326053935,0.0,0.29411764705882354,0.7058823529411765,0.029411764705882353,21,39600.0,0.0,39600.0,0.14285714285714285,0.7142857142857143,0.14285714285714285,0.0,0,0,0.0,0.0,13.214456265891899,0,0,0.0,0,0,0.0,0,0,0.0,0,0,0.0,0.050996396156213986,1050.0,243256.90002206757,243.25690002206755,12,71,27,0.10909090909090909,0.6454545454545455,0.24545454545454545,252854.28727485405,252854.28727485405,13.214456265891899,0.0,110,U,6,CG+IR,True,True,False,
206609.90061563812,27.185677100002067,1.7720732999878237,0.0004630752135091735,0.046307521350917355,206514.22469179743,206514.22469179743,206609.90061563812,0.046307521350917355,-300.83409616551785,4368,100,-85.26145996302967,-300.83409616551785,4368,7354,20,27.185677100002067,budgeted_max_iter,Pool LP-IP gap,False,False,False,0.0,306,incumbent:110;Greedy:110;FIFO:110,-300.83409616551785,ok,simops,Optimal,Optimal,True,20,2200,6983,7354,-300.83409616551785,0.06518407812574545,0,205109.90061563812,1500.0,21,65031.204741304085,0.0,65031.204741304085,0.0,1.0,0.0,0.0,51,73489.77581823397,1000.0,74489.77581823397,0.3333333333333333,0.6666666666666666,0.0,0.024509803921568627,17,29988.92005610006,500.0,30488.92005610006,0.0,0.8823529411764706,0.11764705882352941,0.058823529411764705,21,36600.0,0.0,36600.0,0.047619047619047616,0.9523809523809523,0.0,0.0,45,10,0.4409322263122856,63.983583857190766,15.917726969031898,9,0,0.42857142857142855,20,9,0.44866696199620343,3,0,0.17647058823529413,13,1,0.6485966586926212,0.04466660395626098,1500.0,220145.0270900728,220.1450270900728,18,90,2,0.16363636363636364,0.8181818181818182,0.01818181818181818,206609.90061563812,206609.90061563812,15.917726969031898,0.4409322263122856,110,U,6,CG+IR,True,True,False,18.28894702858964
261798.3518220025,3.739578900000197,0.6420574000148918,0.0,0.0,261798.3518220025,261798.3518220025,261798.3518220025,0.0,-301.5664450458271,660,0,0.0,-301.5664450458271,660,1901,11,3.739578900000197,budgeted_max_iter,Pool LP-IP gap,False,False,False,0.0,121,Greedy:110;FIFO:110,-301.5664450458271,ok,sequential,Optimal,Optimal,True,11,1210,1713,1901,-301.5664450458271,0.17169243307444534,0,259598.3518220025,2200.0,21,68278.72079964787,0.0,68278.72079964787,0.0,1.0,0.0,0.0,62,129869.78047080727,2200.0,132069.78047080728,0.14516129032258066,0.532258064516129,0.3225806451612903,0.04435483870967742,10,25449.85055154728,0.0,25449.85055154728,0.0,0.4,0.6,0.0,17,36000.0,0.0,36000.0,0.17647058823529413,0.5294117647058824,0.29411764705882354,0.0,0,0,0.0,0.0,12.779560821908182,0,0,0.0,0,0,0.0,0,0,0.0,0,0,0.0,0.053409514160939926,2200.0,248682.66735322084,248.68266735322084,12,67,31,0.10909090909090909,0.6090909090909091,0.2818181818181818,261798.3518220025,261798.3518220025,12.779560821908182,0.0,110,U,7,CG+IR,True,True,False,
209549.09706889,29.1758589999954,1.8723772000012104,2.777757658117297e-16,2.777757658117297e-14,209549.09706888994,209549.09706888994,209549.09706889,2.777757658117297e-14,-134.06459128212498,742,31,-134.06459128212498,-134.06459128212498,742,8809,20,29.1758589999954,budgeted_stabilized,Pool LP-IP gap,False,False,True,1.5794982814609794e-10,263,incumbent:110;Greedy:110;FIFO:110,-134.06459128212498,ok,simops,Optimal,Optimal,True,20,2200,8480,8809,-134.06459128212498,0.06417556377693989,0,209349.09706889,200.0,21,68278.72079964787,0.0,68278.72079964787,0.0,1.0,0.0,0.0,62,92996.00608488575,200.0,93196.00608488575,0.27419354838709675,0.7096774193548387,0.016129032258064516,0.004032258064516129,10,18674.370184356318,0.0,18674.370184356318,0.0,0.8,0.2,0.0,17,29400.0,0.0,29400.0,0.058823529411764705,0.9411764705882353,0.0,0.0,40,12,0.4136235333762812,64.78886556608943,16.10898392010634,4,1,0.21258944085741302,21,8,0.40275309977721485,2,2,0.2584988788857484,13,1,0.792854672843556,0.021689812371389422,200.0,223112.6690807948,223.1126690807948,18,89,3,0.16363636363636364,0.8090909090909091,0.02727272727272727,209549.09706889,209549.09706889,16.10898392010634,0.4136235333762812,110,U,7,CG+IR,True,True,True,19.957824176309916
270485.78880682006,3.060847199994896,0.5352614000003086,0.0,0.0,270485.78880682006,270485.78880682006,270485.78880682006,0.0,-511.09871588125407,337,0,0.0,-511.09871588125407,337,1682,9,3.060847199994896,budgeted_max_iter,Pool LP-IP gap,False,False,False,0.0,137,Greedy:110;FIFO:110,-511.09871588125407,ok,sequential,Optimal,Optimal,True,9,990,1478,1682,-511.09871588125407,0.17487361015643027,0,268310.78880682006,2175.0,22,69974.72700401793,0.0,69974.72700401793,0.0,1.0,0.0,0.0,64,137851.77783822696,800.0,138651.77783822696,0.125,0.5625,0.3125,0.015625,11,31084.283964575232,625.0,31709.283964575232,0.0,0.2727272727272727,0.7272727272727273,0.11363636363636363,13,29400.0,750.0,30150.0,0.3076923076923077,0.23076923076923078,0.46153846153846156,0.038461538461538464,0,0,0.0,0.0,12.146652530148105,0,0,0.0,0,0,0.0,0,0,0.0,0,0,0.0,0.04639411280625464,2175.0,255304.647779292,255.304647779292,12,64,34,0.10909090909090909,0.5818181818181818,0.3090909090909091,270485.78880682006,270485.78880682006,12.146652530148105,0.0,110,U,8,CG+IR,True,True,False,
217046.55470277474,29.24270550000074,1.8909664000020712,0.0004195725402063901,0.04195725402063901,216955.48792847505,216955.48792847505,217046.55470277474,0.04195725402063901,-74.68743226834704,2897,0,0.0,-74.68743226834704,2897,7343,20,29.24270550000074,budgeted_max_iter,Pool LP-IP gap,False,False,False,0.0,285,incumbent:110;Greedy:110;FIFO:110,-74.68743226834704,ok,simops,Optimal,Optimal,True,20,2200,6995,7343,-74.68743226834704,0.06466455027569264,0,214021.55470277474,3025.0,22,69974.72700401793,0.0,69974.72700401793,0.0,1.0,0.0,0.0,64,99705.79452555154,1400.0,101105.79452555154,0.28125,0.6875,0.03125,0.02734375,11,20941.033173205284,1625.0,22566.033173205284,0.0,0.8181818181818182,0.18181818181818182,0.29545454545454547,13,23400.0,0.0,23400.0,0.0,1.0,0.0,0.0,45,8,0.434808373222365,64.07237455845384,16.10472986049976,5,1,0.2512063985920179,28,7,0.47347469195993364,3,0,0.2727272727272727,9,0,0.6923076923076923,0.06965885490483636,3025.0,227298.60378380257,227.29860378380258,18,88,4,0.16363636363636364,0.8,0.03636363636363636,217046.55470277474,217046.55470277474,16.10472986049976,0.434808373222365,110,U,8,CG+IR,True,True,False,19.756762209127157
258455.05330178404,3.6846344000005047,0.65021000001434,0.0,0.0,258455.05330178404,258455.05330178404,258455.05330178404,0.0,-344.94221123887064,614,0,0.0,-344.94221123887064,614,1817,12,3.6846344000005047,budgeted_max_iter,Pool LP-IP gap,False,False,False,0.0,154,Greedy:110;FIFO:110,-344.94221123887064,ok,sequential,Optimal,Optimal,True,12,1320,1594,1817,-344.94221123887064,0.17646526885116498,0,256080.05330178404,2375.0,21,68541.9621914838,0.0,68541.9621914838,0.0,1.0,0.0,0.0,50,104891.042121826,1000.0,105891.042121826,0.18,0.48,0.34,0.025,25,61047.04898847433,1375.0,62422.04898847433,0.0,0.44,0.56,0.11,14,21600.0,0.0,21600.0,0.21428571428571427,0.7857142857142857,0.0,0.0,0,0,0.0,0.0,12.25837596830858,0,0,0.0,0,0,0.0,0,0,0.0,0,0,0.0,0.058424277372099064,2375.0,245465.41922750353,245.46541922750353,12,67,31,0.10909090909090909,0.6090909090909091,0.2818181818181818,258455.05330178404,258455.05330178404,12.25837596830858,0.0,110,U,9,CG+IR,True,True,False,
215346.59193730098,25.507953799999086,1.6656081000110134,4.377572103087518e-05,0.004377572103087517,215337.16498496738,215337.16498496738,215346.59193730098,0.004377572103087517,-141.7586813186117,3508,2,-23.38629130674053,-141.7586813186117,3508,7978,20,25.507953799999086,budgeted_stabilized,Pool LP-IP gap,False,False,True,2.4448404431677285e-11,258,incumbent:110;Greedy:110;FIFO:110,-141.7586813186117,ok,simops,Optimal,Optimal,True,20,2200,7659,7978,-141.7586813186117,0.06529759748941812,0,212646.59193730098,2700.0,21,68541.9621914838,0.0,68541.9621914838,0.0,1.0,0.0,0.0,50,69565.97474156259,1200.0,70765.97474156259,0.34,0.66,0.0,0.03,25,49338.65500425469,1500.0,50838.65500425469,0.0,0.72,0.28,0.12,14,25200.0,0.0,25200.0,0.0,1.0,0.0,0.0,46,10,0.4486644764808804,67.06370998721127,15.428157541369135,9,2,0.44560325176364524,19,7,0.42544411142470584,7,0,0.28,11,1,0.837372753901786,0.05706990694279174,2700.0,223344.73506934126,223.34473506934125,17,86,7,0.15454545454545454,0.7818181818181819,0.06363636363636363,215346.59193730098,215346.59193730098,15.428157541369135,0.4486644764808804,110,U,9,CG+IR,True,True,True,16.679287486845006
261655.11008885296,3.4828183999998146,0.5613274999850546,2.2245948452411736e-16,2.2245948452411736e-14,261655.1100888529,261655.1100888529,261655.11008885296,2.2245948452411736e-14,-423.39816573524513,384,0,0.0,-423.39816573524513,384,1922,10,3.4828183999998146,budgeted_max_iter,Pool LP-IP gap,False,False,False,0.0,130,Greedy:110;FIFO:110,-423.39816573524513,ok,sequential,Optimal,Optimal,True,10,1100,1727,1922,-423.39816573524513,0.16117047618247465,0,258705.11008885296,2950.0,19,60225.50141008921,0.0,60225.50141008921,0.0,1.0,0.0,0.0,60,121213.29614526435,2200.0,123413.29614526435,0.18333333333333332,0.5333333333333333,0.2833333333333333,0.04583333333333333,20,48466.31253349941,750.0,49216.31253349941,0.0,0.45,0.55,0.075,11,28800.0,0.0,28800.0,0.0,0.5454545454545454,0.45454545454545453,0.0,0,0,0.0,0.0,12.17090849040567,0,0,0.0,0,0,0.0,0,0,0.0,0,0,0.0,0.06642789013064188,2950.0,246739.46488665606,246.73946488665607,11,66,33,0.1,0.6,0.3,261655.11008885296,261655.11008885296,12.17090849040567,0.0,110,U,10,CG+IR,True,True,False,
212941.44173981986,24.835495500003162,1.7455290000143577,1.1517188201101933e-10,1.1517188201101932e-08,212941.441715295,212941.441715295,212941.44173981986,1.1517188201101932e-08,-130.26324979695892,1286,4,-17.97224814884521,-130.26324979695892,1286,7937,20,24.835495500003162,budgeted_stabilized,Pool LP-IP gap,False,False,True,0.0,271,incumbent:110;Greedy:110;FIFO:110,-130.26324979695892,ok,simops,Optimal,Optimal,True,20,2200,7601,7937,-130.26324979695892,0.07028363899621554,0,212116.44173981986,825.0,19,60225.50141008921,0.0,60225.50141008921,0.0,1.0,0.0,0.0,60,93641.5063232422,200.0,93841.5063232422,0.2833333333333333,0.6833333333333333,0.03333333333333333,0.004166666666666667,20,38449.43400648847,625.0,39074.43400648847,0.0,0.75,0.25,0.0625,11,19800.0,0.0,19800.0,0.0,1.0,0.0,0.0,44,7,0.4179433655457518,65.81008189784232,15.866276569052966,8,0,0.42105263157894735,27,7,0.48289617016721176,4,0,0.2,5,0,0.45454545454545453,0.031008543657060274,825.0,222928.3546718248,222.92835467182482,17,86,7,0.15454545454545454,0.7818181818181819,0.06363636363636363,212941.44173981986,212941.44173981986,15.866276569052966,0.4179433655457518,110,U,10,CG+IR,True,True,True,18.617510788339235
303677.3277791744,3.4433314999987488,0.5642342999999528,0.0,0.0,303677.3277791744,303677.3277791744,303677.3277791744,0.0,-408.72833657948604,697,0,0.0,-408.72833657948604,697,2011,9,3.4433314999987488,budgeted_max_iter,Pool LP-IP gap,False,False,False,0.0,149,Greedy:125;FIFO:125,-408.72833657948604,ok,sequential,Optimal,Optimal,True,9,1125,1789,2011,-408.72833657948604,0.16386290428329595,0,300427.3277791744,3250.0,22,70633.50746539839,0.0,70633.50746539839,0.0,1.0,0.0,0.0,64,134889.25813654726,2000.0,136889.25813654726,0.125,0.5625,0.3125,0.0390625,23,58304.562177228785,1250.0,59554.562177228785,0.0,0.34782608695652173,0.6521739130434783,0.10869565217391304,16,36600.0,0.0,36600.0,0.25,0.3125,0.4375,0.0,0,0,0.0,0.0,12.066064115070407,0,0,0.0,0,0,0.0,0,0,0.0,0,0,0.0,0.06283532895128092,3250.0,282122.8758939799,282.12287589397994,12,71,42,0.096,0.568,0.336,303677.3277791744,303677.3277791744,12.066064115070407,0.0,125,U,1,CG+IR,True,True,False,
256652.06137973708,31.394384699997318,1.971271300004446,0.0001282710668230318,0.012827106682303179,256619.14034602157,256619.14034602157,256652.06137973708,0.012827106682303179,-207.11344124184188,3420,18,-26.22517104225426,-207.11344124184188,3420,9769,20,31.394384699997318,budgeted_max_iter,Pool LP-IP gap,False,False,False,1.8183762642233244e-10,308,incumbent:125;Greedy:125;FIFO:125,-207.11344124184188,ok,simops,Optimal,Optimal,True,20,2500,9395,9769,-207.11344124184188,0.06279056967804228,0,253477.06137973708,3175.0,22,70633.50746539839,0.0,70633.50746539839,0.0,1.0,0.0,0.0,64,103491.85043004283,1800.0,105291.85043004283,0.25,0.671875,0.078125,0.03515625,23,51751.70348429583,1375.0,53126.70348429583,0.0,0.5217391304347826,0.4782608695652174,0.11956521739130435,16,27600.0,0.0,27600.0,0.0625,0.9375,0.0,0.0,42,7,0.3680935189822289,73.29214420103335,16.011574829518395,9,0,0.4090909090909091,22,5,0.39887049448144835,3,1,0.1322938677773553,8,1,0.5275762041929222,0.06346522776549231,3175.0,257939.0016848936,257.9390016848936,17,92,16,0.136,0.736,0.128,256652.06137973708,256652.06137973708,16.011574829518395,0.3680935189822289,125,U,1,CG+IR,True,True,False,15.4852740385126
313412.49879129964,3.3982912999999826,0.5272900999989361,0.0,0.0,313412.49879129964,313412.49879129964,313412.49879129964,0.0,-430.3798495150072,864,0,0.0,-430.3798495150072,864,2166,8,3.3982912999999826,budgeted_max_iter,Pool LP-IP gap,False,False,False,0.0,155,Greedy:125;FIFO:125,-430.3798495150072,ok,sequential,Optimal,Optimal,True,8,1000,1940,2166,-430.3798495150072,0.15516330221571611,0,312212.49879129964,1200.0,28,87272.70852872095,0.0,87272.70852872095,0.0,1.0,0.0,0.0,66,138080.0703269488,1200.0,139280.0703269488,0.15151515151515152,0.5151515151515151,0.3333333333333333,0.022727272727272728,14,38859.71993562994,0.0,38859.71993562994,0.0,0.2857142857142857,0.7142857142857143,0.0,17,48000.0,0.0,48000.0,0.11764705882352941,0.23529411764705882,0.6470588235294118,0.0,0,0,0.0,0.0,11.975734194671718,0,0,0.0,0,0,0.0,0,0,0.0,0,0,0.0,0.03579529505802464,1200.0,291943.7560877136,291.9437560877136,12,70,43,0.096,0.56,0.344,313412.49879129964,313412.49879129964,11.975734194671718,0.0,125,U,2,CG+IR,True,True,False,
263479.95471397485,32.55795059999946,2.1274869999906514,0.00047619584248885613,0.04761958424888561,263354.4866549609,263354.4866549609,263479.95471397485,0.04761958424888561,-300.00001568199013,2925,29,-29.802753199560357,-300.00001568199013,2925,9198,20,32.55795059999946,budgeted_max_iter,Pool LP-IP gap,False,False,False,6.630719869438977e-16,315,incumbent:125;Greedy:125;FIFO:125,-300.00001568199013,ok,simops,Optimal,Optimal,True,20,2500,8814,9198,-300.00001568199013,0.06534462276598843,0,262079.95471397488,1400.0,28,87272.70852872095,0.0,87272.70852872095,0.0,1.0,0.0,0.0,66,114753.49124155413,1400.0,116153.49124155413,0.24242424242424243,0.6060606060606061,0.15151515151515152,0.026515151515151516,14,31853.754943699798,0.0,31853.754943699798,0.0,0.5714285714285714,0.42857142857142855,0.0,17,28200.0,0.0,28200.0,0.11764705882352941,0.8823529411764706,0.0,0.0,47,9,0.4115974537010724,68.37737121383418,16.111981866561443,5,3,0.23357949668402386,30,5,0.4854739407222939,2,0,0.14285714285714285,10,1,0.6393044539888225,0.026898147125665985,1400.0,266452.62371497706,266.45262371497705,18,91,16,0.144,0.728,0.128,263479.95471397485,263479.95471397485,16.111981866561443,0.4115974537010724,125,U,2,CG+IR,True,True,False,15.931893038692982
316514.43627685367,3.652634999998554,0.6228742000093916,0.0,0.0,316514.43627685367,316514.43627685367,316514.43627685367,0.0,-447.95208139791157,179,0,0.0,-447.95208139791157,179,1955,10,3.652634999998554,budgeted_max_iter,Pool LP-IP gap,False,False,False,0.0,137,Greedy:125;FIFO:125,-447.95208139791157,ok,sequential,Optimal,Optimal,True,10,1250,1752,1955,-447.95208139791157,0.170527359018801,0,314364.43627685367,2150.0,21,67790.54251425987,0.0,67790.54251425987,0.0,1.0,0.0,0.0,64,135774.55128969566,400.0,136174.55128969566,0.171875,0.46875,0.359375,0.0078125,25,62199.34247289822,1750.0,63949.34247289822,0.0,0.4,0.6,0.14,15,48600.0,0.0,48600.0,0.0,0.2,0.8,0.0,0,0,0.0,0.0,10.668212877476455,0,0,0.0,0,0,0.0,0,0,0.0,0,0,0.0,0.055505959704014944,2150.0,288621.5909872439,288.6215909872439,11,64,50,0.088,0.512,0.4,316514.43627685367,316514.43627685367,10.668212877476455,0.0,125,U,3,CG+IR,True,True,False,
260974.7548038202,29.230560199997853,1.9247932000289438,4.834296672032932e-05,0.004834296672032932,260962.13850993387,260962.13850993387,260974.7548038202,0.004834296672032932,-220.99920651830598,3285,52,-37.523203445495255,-220.99920651830598,3285,8608,20,29.230560199997853,budgeted_stabilized,Pool LP-IP gap,False,False,True,0.0,309,incumbent:125;Greedy:125;FIFO:125,-220.99920651830598,ok,simops,Optimal,Optimal,True,20,2500,8241,8608,-220.99920651830598,0.0658486593092761,0,257899.7548038202,3075.0,21,67790.54251425987,0.0,67790.54251425987,0.0,1.0,0.0,0.0,64,107664.58606477456,200.0,107864.58606477456,0.265625,0.578125,0.15625,0.00390625,25,55444.626224785716,2875.0,58319.626224785716,0.0,0.56,0.44,0.23,15,27000.0,0.0,27000.0,0.0,1.0,0.0,0.0,44,7,0.381105542668027,64.1700901248083,15.560302970339137,11,1,0.552508548605909,20,5,0.3560470625485632,4,1,0.16994005238684962,9,0,0.6,0.07032314546212465,3075.0,260338.14913574693,260.33814913574696,17,87,21,0.136,0.696,0.168,260974.7548038202,260974.7548038202,15.560302970339137,0.381105542668027,125,U,3,CG+IR,True,True,True,17.54728224290319
306800.3486053201,3.254132000001846,0.5700580999982776,0.0,0.0,306800.3486053201,306800.3486053201,306800.3486053201,0.0,-402.43935967868765,110,0,0.0,-402.43935967868765,110,1825,9,3.254132000001846,budgeted_max_iter,Pool LP-IP gap,False,False,False,0.0,136,Greedy:125;FIFO:125,-402.43935967868765,ok,sequential,Optimal,Optimal,True,9,1125,1613,1825,-402.43935967868765,0.17517977144072652,0,303900.3486053201,2900.0,18,58066.827383442396,0.0,58066.827383442396,0.0,1.0,0.0,0.0,69,144489.09708371718,1400.0,145889.09708371718,0.13043478260869565,0.5942028985507246,0.2753623188405797,0.025362318840579712,16,45544.424138160626,1500.0,47044.424138160626,0.0,0.25,0.75,0.1875,22,55800.0,0.0,55800.0,0.13636363636363635,0.36363636363636365,0.5,0.0,0,0,0.0,0.0,11.809428863142506,0,0,0.0,0,0,0.0,0,0,0.0,0,0,0.0,0.06403183680009394,2900.0,284854.5535594354,284.85455355943543,12,71,42,0.096,0.568,0.336,306800.3486053201,306800.3486053201,11.809428863142506,0.0,125,U,4,CG+IR,True,True,False,
257537.2514465466,31.448979799999506,2.0410339000081876,1.300195719626799e-05,0.001300195719626799,257533.90295822686,257533.90295822686,257537.2514465466,0.001300195719626799,-392.66667934675024,4386,3,-28.75761380025915,-392.66667934675024,4386,8772,20,31.448979799999506,budgeted_stabilized,Pool LP-IP gap,False,False,True,0.0,314,incumbent:125;Greedy:125;FIFO:125,-392.66667934675024,ok,simops,Optimal,Optimal,True,20,2500,8388,8772,-392.66667934675024,0.06489984454148238,0,256537.2514465466,1000.0,18,58066.827383442396,0.0,58066.827383442396,0.0,1.0,0.0,0.0,69,120386.14107459663,0.0,120386.14107459663,0.2463768115942029,0.6231884057971014,0.13043478260869565,0.0,16,38484.282988507686,1000.0,39484.282988507686,0.0,0.5,0.5,0.125,22,39600.0,0.0,39600.0,0.0,1.0,0.0,0.0,42,9,0.37139831644834065,69.15089106911898,16.164118882949214,3,0,0.16666666666666666,23,8,0.39376291316601036,3,0,0.1875,13,1,0.602506752163085,0.03170612709772708,1000.0,260503.71870431752,260.5037187043175,17,91,17,0.136,0.728,0.136,257537.2514465466,257537.2514465466,16.164118882949214,0.37139831644834065,125,U,4,CG+IR,True,True,True,16.057053840622405
319717.5874405432,4.594039399999019,0.8627351999894017,1.8205961511045144e-16,1.8205961511045145e-14,319717.58744054317,319717.58744054317,319717.5874405432,1.8205961511045145e-14,-444.3554855504749,430,0,0.0,-444.3554855504749,430,1930,13,4.594039399999019,budgeted_max_iter,Pool LP-IP gap,False,False,False,0.0,134,Greedy:125;FIFO:125,-444.3554855504749,ok,sequential,Optimal,Optimal,True,13,1625,1730,1930,-444.3554855504749,0.18779447124236373,0,317142.5874405432,2575.0,22,69337.97694008445,0.0,69337.97694008445,0.0,1.0,0.0,0.0,63,134344.38941650398,2200.0,136544.38941650398,0.12698412698412698,0.6031746031746031,0.2698412698412698,0.04365079365079365,19,55260.22108395463,0.0,55260.22108395463,0.0,0.15789473684210525,0.8421052631578947,0.0,21,58200.0,375.0,58575.0,0.19047619047619047,0.14285714285714285,0.6666666666666666,0.011904761904761904,0,0,0.0,0.0,11.032565437997041,0,0,0.0,0,0,0.0,0,0,0.0,0,0,0.0,0.04648308864805566,2575.0,294415.3354954162,294.4153354954162,12,66,47,0.096,0.528,0.376,319717.5874405432,319717.5874405432,11.032565437997041,0.0,125,U,5,CG+IR,True,True,False,
270047.5068376786,28.85455510000611,2.0686078000071575,0.0003701077135351823,0.037010771353518226,269947.56017237704,269947.56017237704,270047.5068376786,0.037010771353518226,-320.1835883634544,1277,3,-13.165319453687061,-320.1835883634544,1277,8765,20,28.85455510000611,budgeted_max_iter,Pool LP-IP gap,False,False,False,7.688138202252086e-12,285,incumbent:125;Greedy:125;FIFO:125,-320.1835883634544,ok,simops,Optimal,Optimal,True,20,2500,8421,8765,-320.1835883634544,0.07169085757301173,0,268247.5068376786,1800.0,22,69337.97694008445,0.0,69337.97694008445,0.0,1.0,0.0,0.0,63,110345.88586332512,1800.0,112145.88586332512,0.23809523809523808,0.6666666666666666,0.09523809523809523,0.03571428571428571,19,53163.644034268895,0.0,53163.644034268895,0.0,0.21052631578947367,0.7894736842105263,0.0,21,35400.0,0.0,35400.0,0.09523809523809523,0.9047619047619048,0.0,0.0,38,9,0.3235339163755128,55.62976791137577,15.116196664709065,9,1,0.411105680967673,16,8,0.2920224534230205,1,0,0.05263157894736842,12,0,0.5714285714285714,0.03891397836479058,1800.0,269189.9350424083,269.1899350424083,17,87,21,0.136,0.696,0.168,270047.5068376786,270047.5068376786,15.116196664709065,0.3235339163755128,125,U,5,CG+IR,True,True,False,15.535610974826836
318928.4822341582,2.9597926000060397,0.5184421000085422,0.0,0.0,318928.4822341582,318928.4822341582,318928.4822341582,0.0,-445.7684433814434,410,0,0.0,-445.7684433814434,410,1915,8,2.9597926000060397,budgeted_max_iter,Pool LP-IP gap,False,False,False,0.0,159,Greedy:125;FIFO:125,-445.7684433814434,ok,sequential,Optimal,Optimal,True,8,1000,1681,1915,-445.7684433814434,0.17516163126007014,0,315503.4822341582,3425.0,24,77033.54890774528,0.0,77033.54890774528,0.0,1.0,0.0,0.0,56,118303.30229134018,2800.0,121103.30229134018,0.17857142857142858,0.5178571428571429,0.30357142857142855,0.0625,18,54166.63103507289,250.0,54416.63103507289,0.0,0.1111111111111111,0.8888888888888888,0.027777777777777776,27,66000.0,375.0,66375.0,0.07407407407407407,0.5185185185185185,0.4074074074074074,0.009259259259259259,0,0,0.0,0.0,11.530872735987083,0,0,0.0,0,0,0.0,0,0,0.0,0,0,0.0,0.056311002937693574,3425.0,295060.8162409531,295.0608162409531,12,69,44,0.096,0.552,0.352,318928.4822341582,318928.4822341582,11.530872735987083,0.0,125,U,6,CG+IR,True,True,False,
268291.22073497553,32.14668199999869,2.0926059000121313,5.5270882943495667e-11,5.527088294349567e-09,268291.22072014684,268291.22072014684,268291.22073497553,5.527088294349567e-09,-452.0489661655175,6012,102,-162.9075457942995,-452.0489661655175,6012,10508,20,32.14668199999869,budgeted_stabilized,Pool LP-IP gap,False,False,True,0.0,285,incumbent:125;Greedy:125;FIFO:125,-452.0489661655175,ok,simops,Optimal,Optimal,True,20,2500,10160,10508,-452.0489661655175,0.06509554858607854,0,267241.22073497553,1050.0,24,77033.54890774528,0.0,77033.54890774528,0.0,1.0,0.0,0.0,56,94482.37661526358,800.0,95282.37661526358,0.30357142857142855,0.5714285714285714,0.125,0.017857142857142856,18,47125.29521196676,250.0,47375.29521196676,0.0,0.3333333333333333,0.6666666666666666,0.027777777777777776,27,48600.0,0.0,48600.0,0.0,1.0,0.0,0.0,43,7,0.37113132944317145,69.3488068115942,15.799252279993155,6,0,0.25,16,5,0.3321059525264566,2,1,0.12079265610371796,19,1,0.7266375936684424,0.031816850132788614,1050.0,270517.9903515291,270.5179903515291,17,89,19,0.136,0.712,0.152,268291.22073497553,268291.22073497553,15.799252279993155,0.37113132944317145,125,U,6,CG+IR,True,True,True,15.87730927775985
329344.33561287785,2.58217059999879,0.45687430000543827,2.913757530804327e-06,0.0002913757530804327,329343.37598333973,329343.37598333973,329344.33561287785,0.0002913757530804327,-492.3018714553682,333,0,0.0,-492.3018714553682,333,1736,7,2.58217059999879,budgeted_max_iter,Pool LP-IP gap,False,False,False,0.0,138,Greedy:125;FIFO:125,-492.3018714553682,ok,sequential,Optimal,Optimal,True,7,875,1526,1736,-492.3018714553682,0.17693420411713012,0,326219.33561287785,3125.0,25,79394.26039082228,0.0,79394.26039082228,0.0,1.0,0.0,0.0,65,151111.94689045943,2000.0,153111.94689045943,0.15384615384615385,0.4461538461538462,0.4,0.038461538461538464,16,42313.12833159621,1125.0,43438.12833159621,0.0,0.3125,0.6875,0.140625,19,53400.0,0.0,53400.0,0.10526315789473684,0.2631578947368421,0.631578947368421,0.0,0,0,0.0,0.0,10.81253843050544,0,0,0.0,0,0,0.0,0,0,0.0,0,0,0.0,0.05330645718969325,3125.0,300438.6118225176,300.4386118225176,12,64,49,0.096,0.512,0.392,329344.33561287785,329344.33561287785,10.81253843050544,0.0,125,U,7,CG+IR,True,True,False,
274367.14811677916,32.10377289999451,2.0942520999742555,0.00014428019176979966,0.014428019176979966,274327.56237203354,274327.56237203354,274367.14811677916,0.014428019176979966,-392.0622697742451,2616,56,-81.5018962821249,-392.0622697742451,2616,9132,20,32.10377289999451,budgeted_max_iter,Pool LP-IP gap,False,False,False,1.8317423850581226e-10,299,incumbent:125;Greedy:125;FIFO:125,-392.0622697742451,ok,simops,Optimal,Optimal,True,20,2500,8775,9132,-392.0622697742451,0.06523383112938148,0,271767.14811677916,2600.0,25,79394.26039082228,500.0,79894.26039082228,0.0,1.0,0.0,0.01,65,115731.40589892755,600.0,116331.40589892755,0.24615384615384617,0.6153846153846154,0.13846153846153847,0.011538461538461539,16,43641.48182702936,1500.0,45141.48182702936,0.0,0.25,0.75,0.1875,19,33000.0,0.0,33000.0,0.05263157894736842,0.9473684210526315,0.0,0.0,49,7,0.4150267750816066,71.47545538762839,15.74457845358155,8,1,0.32592760671024334,25,6,0.4266177956529961,0,0,0.0,16,0,0.8421052631578947,0.04780371987006387,2600.0,272262.4790099742,272.26247900997424,17,87,21,0.136,0.696,0.168,274367.14811677916,274367.14811677916,15.74457845358155,0.4150267750816066,125,U,7,CG+IR,True,True,False,16.69292031204711
328220.81604774384,5.439848400004848,1.0842823999992106,0.0,0.0,328220.8160477439,328220.8160477439,328220.81604774384,0.0,-449.5301580114483,416,0,0.0,-449.5301580114483,416,1946,16,5.439848400004848,budgeted_max_iter,Pool LP-IP gap,False,False,False,0.0,132,Greedy:125;FIFO:125,-449.5301580114483,ok,sequential,Optimal,Optimal,True,16,2000,1749,1946,-449.5301580114483,0.19932217228668436,0,324595.81604774384,3625.0,25,80677.10181031273,0.0,80677.10181031273,0.0,1.0,0.0,0.0,72,166775.86708926858,3000.0,169775.86708926858,0.125,0.4861111111111111,0.3888888888888889,0.052083333333333336,14,39342.847148162495,625.0,39967.847148162495,0.0,0.21428571428571427,0.7857142857142857,0.08928571428571429,14,37800.0,0.0,37800.0,0.21428571428571427,0.14285714285714285,0.6428571428571429,0.0,0,0,0.0,0.0,10.969195755697628,0,0,0.0,0,0,0.0,0,0,0.0,0,0,0.0,0.06319896968039775,3625.0,300145.77782431396,300.14577782431394,12,65,48,0.096,0.52,0.384,328220.81604774384,328220.81604774384,10.969195755697628,0.0,125,U,8,CG+IR,True,True,False,
273554.53141254856,30.402000499998394,2.1354949999804376,5.7109802093936135e-11,5.710980209393614e-09,273554.5313969259,273554.5313969259,273554.53141254856,5.710980209393614e-09,-313.1780056606117,3297,247,-22.362127147588126,-313.1780056606117,3297,9507,20,30.402000499998394,budgeted_stabilized,Pool LP-IP gap,False,False,True,0.0,295,incumbent:125;Greedy:125;FIFO:125,-313.1780056606117,ok,simops,Optimal,Optimal,True,20,2500,9151,9507,-313.1780056606117,0.07024192371750505,0,271654.53141254856,1900.0,25,80677.10181031273,0.0,80677.10181031273,0.0,1.0,0.0,0.0,72,129854.43366050393,400.0,130254.43366050393,0.2222222222222222,0.625,0.1527777777777778,0.006944444444444444,14,35922.99594173188,1500.0,37422.99594173188,0.0,0.35714285714285715,0.6428571428571429,0.21428571428571427,14,25200.0,0.0,25200.0,0.0,1.0,0.0,0.0,44,10,0.4081888349231949,74.63448486419209,15.310008311739377,7,2,0.35089190913578405,29,7,0.472074069645038,0,0,0.0,8,1,0.5901409730401446,0.04359183670139177,1900.0,272397.7249682101,272.39772496821007,16,89,20,0.128,0.712,0.16,273554.53141254856,273554.53141254856,15.310008311739377,0.4081888349231949,125,U,8,CG+IR,True,True,True,16.655337493050222
311153.21929895313,4.000248300006206,0.6638108999904944,0.0,0.0,311153.21929895313,311153.21929895313,311153.21929895313,0.0,-411.83257675661935,479,0,0.0,-411.83257675661935,479,2141,11,4.000248300006206,budgeted_max_iter,Pool LP-IP gap,False,False,False,0.0,141,Greedy:125;FIFO:125,-411.83257675661935,ok,sequential,Optimal,Optimal,True,11,1375,1925,2141,-411.83257675661935,0.16594242412138882,0,307678.21929895313,3475.0,22,70369.09521636913,0.0,70369.09521636913,0.0,1.0,0.0,0.0,57,123557.05471261873,2600.0,126157.05471261873,0.15789473684210525,0.49122807017543857,0.3508771929824561,0.05701754385964912,29,84952.06936996532,125.0,85077.06936996532,0.0,0.13793103448275862,0.8620689655172413,0.008620689655172414,17,28800.0,750.0,29550.0,0.17647058823529413,0.7647058823529411,0.058823529411764705,0.029411764705882353,0,0,0.0,0.0,10.656020815926878,0,0,0.0,0,0,0.0,0,0,0.0,0,0,0.0,0.06428062770784648,3475.0,286216.10177001206,286.2161017700121,12,67,46,0.096,0.536,0.368,311153.21929895313,311153.21929895313,10.656020815926878,0.0,125,U,9,CG+IR,True,True,False,
264852.5978942127,25.5703777000017,1.8336898000270594,7.968461020941946e-06,0.0007968461020941946,264850.4874266101,264850.4874266101,264852.5978942127,0.0007968461020941946,-470.3866462146764,6134,25,-6.374629037964041e-05,-470.3866462146764,6134,8268,20,25.5703777000017,budgeted_stabilized,Pool LP-IP gap,False,False,True,0.0,291,incumbent:125;Greedy:125;FIFO:125,-470.3866462146764,ok,simops,Optimal,Optimal,True,20,2500,7919,8268,-470.3866462146764,0.07171148668746248,0,263452.5978942127,1400.0,22,70369.09521636913,0.0,70369.09521636913,0.0,1.0,0.0,0.0,57,88100.15291275398,1400.0,89500.15291275398,0.2982456140350877,0.6491228070175439,0.05263157894736842,0.03070175438596491,29,74383.34976508962,0.0,74383.34976508962,0.0,0.3448275862068966,0.6551724137931034,0.0,17,30600.0,0.0,30600.0,0.0,1.0,0.0,0.0,39,9,0.33139456614604845,67.44872781038096,15.278258270097172,4,2,0.21414101411610034,23,4,0.4290161385183772,4,2,0.14436981779666827,8,1,0.4748572850618222,0.03493877687759874,1400.0,263626.635084559,263.626635084559,17,86,22,0.136,0.688,0.176,264852.5978942127,264852.5978942127,15.278258270097172,0.33139456614604845,125,U,9,CG+IR,True,True,True,14.880328575438979
313919.43258551555,3.158441599996877,0.5748604999971576,0.0,0.0,313919.43258551555,313919.43258551555,313919.43258551555,0.0,-410.84761622522274,503,0,0.0,-410.84761622522274,503,1925,9,3.158441599996877,budgeted_max_iter,Pool LP-IP gap,False,False,False,0.0,150,Greedy:125;FIFO:125,-410.84761622522274,ok,sequential,Optimal,Optimal,True,9,1125,1704,1925,-410.84761622522274,0.1820076394629953,0,310119.43258551555,3800.0,21,67202.21171929913,0.0,67202.21171929913,0.0,1.0,0.0,0.0,69,148176.60277294822,1800.0,149976.60277294822,0.13043478260869565,0.5652173913043478,0.30434782608695654,0.03260869565217391,21,59340.61809326818,2000.0,61340.61809326818,0.0,0.19047619047619047,0.8095238095238095,0.19047619047619047,14,35400.0,0.0,35400.0,0.14285714285714285,0.35714285714285715,0.5,0.0,0,0,0.0,0.0,11.402093723851179,0,0,0.0,0,0,0.0,0,0,0.0,0,0,0.0,0.07132540642290221,3800.0,288711.2000011031,288.7112000011031,11,69,45,0.088,0.552,0.36,313919.43258551555,313919.43258551555,11.402093723851179,0.0,125,U,10,CG+IR,True,True,False,
264586.12366119714,27.610902599997644,2.016373900027247,0.00015872848290938632,0.015872848290938633,264544.1263071895,264544.1263071895,264586.12366119714,0.015872848290938633,-248.98294979695902,2474,10,-3.244744516618084,-248.98294979695902,2474,8621,20,27.610902599997644,budgeted_max_iter,Pool LP-IP gap,False,False,False,4.1058489970351765e-11,318,incumbent:125;Greedy:125;FIFO:125,-248.98294979695902,ok,simops,Optimal,Optimal,True,20,2500,8240,8621,-248.98294979695902,0.0730281776455732,0,261186.12366119717,3400.0,21,65167.21485871167,0.0,65167.21485871167,0.047619047619047616,0.9523809523809523,0.0,0.0,69,120089.4712589821,400.0,120489.4712589821,0.21739130434782608,0.6811594202898551,0.10144927536231885,0.007246376811594203,21,50729.437543503394,3000.0,53729.437543503394,0.0,0.42857142857142855,0.5714285714285714,0.2857142857142857,14,25200.0,0.0,25200.0,0.0,1.0,0.0,0.0,39,10,0.35484589165417874,64.16056233918847,15.885622546115867,10,1,0.489681081258694,23,8,0.3977323989869799,1,0,0.047619047619047616,5,1,0.40206415858843936,0.07214290848102771,3400.0,263919.8484462597,263.91984844625966,16,90,19,0.128,0.72,0.152,264586.12366119714,264586.12366119714,15.885622546115867,0.35484589165417874,125,U,10,CG+IR,True,True,False,15.71527717095991
397700.4649584394,5.265547299997706,0.9590004999990924,0.0,0.0,397700.4649584394,397700.4649584394,397700.4649584394,0.0,-430.59970506599166,559,0,0.0,-430.59970506599166,559,2383,13,5.265547299997706,budgeted_max_iter,Pool LP-IP gap,False,False,False,0.0,186,Greedy:150;FIFO:150,-430.59970506599166,ok,sequential,Optimal,Optimal,True,13,1950,2123,2383,-430.59970506599166,0.18212741152273196,0,397100.4649584394,600.0,26,81148.5492274301,0.0,81148.5492274301,0.0,1.0,0.0,0.0,78,191558.0544606431,600.0,192158.0544606431,0.08974358974358974,0.46153846153846156,0.44871794871794873,0.009615384615384616,28,81793.86127036616,0.0,81793.86127036616,0.0,0.14285714285714285,0.8571428571428571,0.0,18,42600.0,0.0,42600.0,0.2777777777777778,0.2222222222222222,0.5,0.0,0,0,0.0,0.0,9.977816654592386,0,0,0.0,0,0,0.0,0,0,0.0,0,0,0.0,0.024378383698353,600.0,359275.31018914084,359.27531018914084,12,70,68,0.08,0.4666666666666667,0.4533333333333333,397700.4649584394,397700.4649584394,9.977816654592386,0.0,150,U,1,CG+IR,True,True,False,
347228.8897999599,33.298261199997796,2.3419283000039286,2.0793367839297327e-05,0.0020793367839297325,347221.66974192986,347221.66974192986,347228.8897999599,0.0020793367839297325,-337.4689293051847,5892,21,-65.1850566713506,-337.4689293051847,5892,10673,20,33.298261199997796,budgeted_stabilized,Pool LP-IP gap,False,False,True,0.0,350,incumbent:150;Greedy:150;FIFO:150,-337.4689293051847,ok,simops,Optimal,Optimal,True,20,3000,10266,10673,-337.4689293051847,0.07033184964036751,0,345928.8897999599,1300.0,26,81148.5492274301,500.0,81648.5492274301,0.0,1.0,0.0,0.009615384615384616,78,149123.88042201297,800.0,149923.88042201297,0.21794871794871795,0.5769230769230769,0.20512820512820512,0.01282051282051282,28,83256.46015051674,0.0,83256.46015051674,0.0,0.10714285714285714,0.8928571428571429,0.0,18,32400.0,0.0,32400.0,0.0,1.0,0.0,0.0,40,10,0.3110477203796082,67.52318767171549,15.783675399936389,6,1,0.2686958458633741,24,8,0.3753412586221967,0,0,0.0,10,1,0.5774693273312308,0.024498878858159826,1300.0,332630.89216781594,332.63089216781594,17,92,41,0.11333333333333333,0.6133333333333333,0.2733333333333333,347228.8897999599,347228.8897999599,15.783675399936389,0.3110477203796082,150,U,1,CG+IR,True,True,True,12.69085143356669
414001.85089198384,4.494024699997681,0.8713587999955053,0.0,0.0,414001.85089198384,414001.85089198384,414001.85089198384,0.0,-733.8687368891415,186,0,0.0,-733.8687368891415,186,2207,11,4.494024699997681,budgeted_max_iter,Pool LP-IP gap,False,False,False,0.0,175,Greedy:150;FIFO:150,-733.8687368891415,ok,sequential,Optimal,Optimal,True,11,1650,1958,2207,-733.8687368891415,0.19389274829663375,0,411676.85089198384,2325.0,33,104708.20182186124,0.0,104708.20182186124,0.0,1.0,0.0,0.0,76,185661.8920416936,1200.0,186861.8920416936,0.14473684210526316,0.40789473684210525,0.4473684210526316,0.019736842105263157,19,55306.75702842908,1125.0,56431.75702842908,0.0,0.15789473684210525,0.8421052631578947,0.11842105263157894,22,66000.0,0.0,66000.0,0.09090909090909091,0.18181818181818182,0.7272727272727273,0.0,0,0,0.0,0.0,10.39514849885525,0,0,0.0,0,0,0.0,0,0,0.0,0,0,0.0,0.04212709857989268,2325.0,372716.49405744,372.71649405744,13,71,66,0.08666666666666667,0.47333333333333333,0.44,414001.85089198384,414001.85089198384,10.39514849885525,0.0,150,U,2,CG+IR,True,True,False,
361604.1515114452,32.45930809999845,2.513146199984476,2.82003883299967e-05,0.00282003883299967,361593.9541339508,361593.9541339508,361604.1515114452,0.00282003883299967,-449.0427166891377,5452,3,-2.449527547796606,-449.0427166891377,5452,10232,20,32.45930809999845,budgeted_stabilized,Pool LP-IP gap,False,False,True,0.0,347,incumbent:150;Greedy:150;FIFO:150,-449.0427166891377,ok,simops,Optimal,Optimal,True,20,3000,9819,10232,-449.0427166891377,0.07742451540378323,0,360079.1515114452,1525.0,33,104708.20182186124,0.0,104708.20182186124,0.0,1.0,0.0,0.0,76,149064.19266115484,400.0,149464.19266115484,0.17105263157894737,0.618421052631579,0.21052631578947367,0.006578947368421052,19,55306.75702842908,1125.0,56431.75702842908,0.0,0.15789473684210525,0.8421052631578947,0.11842105263157894,22,51000.0,0.0,51000.0,0.18181818181818182,0.4090909090909091,0.4090909090909091,0.0,38,14,0.2858634954759282,56.12279876441268,15.82891330243627,12,3,0.3767134942124124,20,9,0.3025784648399407,0,0,0.0,6,2,0.3387279856610968,0.03750289329170576,1525.0,345978.094385027,345.978094385027,17,92,41,0.11333333333333333,0.6133333333333333,0.2733333333333333,361604.1515114452,361604.1515114452,15.82891330243627,0.2858634954759282,150,U,2,CG+IR,True,True,True,12.656392542121656
395581.0934390287,5.223220500003663,1.0352946999992128,0.0,0.0,395581.0934390287,395581.0934390287,395581.0934390287,0.0,-544.6887065183059,398,0,0.0,-544.6887065183059,398,2145,14,5.223220500003663,budgeted_max_iter,Pool LP-IP gap,False,False,False,0.0,181,Greedy:150;FIFO:150,-544.6887065183059,ok,sequential,Optimal,Optimal,True,14,2100,1892,2145,-544.6887065183059,0.1982100315310232,0,394656.0934390287,925.0,26,78875.79122878559,0.0,78875.79122878559,0.0,1.0,0.0,0.0,82,188854.96491951955,800.0,189654.96491951955,0.13414634146341464,0.47560975609756095,0.3902439024390244,0.012195121951219513,26,75925.33729072344,125.0,76050.33729072344,0.0,0.11538461538461539,0.8846153846153846,0.009615384615384616,16,51000.0,0.0,51000.0,0.0625,0.125,0.8125,0.0,0,0,0.0,0.0,9.920126793468908,0,0,0.0,0,0,0.0,0,0,0.0,0,0,0.0,0.025955276974828,925.0,355909.2817654741,355.90928176547413,12,70,68,0.08,0.4666666666666667,0.4533333333333333,395581.0934390287,395581.0934390287,9.920126793468908,0.0,150,U,3,CG+IR,True,True,False,
341153.67965691775,32.853076799998234,2.3767917000004672,8.708021206610058e-06,0.0008708021206610058,341150.7088834406,341150.7088834406,341153.67965691775,0.0008708021206610058,-408.36530651830617,2204,47,-108.50832112992384,-408.36530651830617,2204,10799,20,32.853076799998234,budgeted_stabilized,Pool LP-IP gap,False,False,True,0.0,328,incumbent:150;Greedy:150;FIFO:150,-408.36530651830617,ok,simops,Optimal,Optimal,True,20,3000,10410,10799,-408.36530651830617,0.07234609149303772,0,340578.67965691775,575.0,26,78875.79122878559,0.0,78875.79122878559,0.0,1.0,0.0,0.0,82,158755.1624780706,200.0,158955.1624780706,0.2073170731707317,0.5609756097560976,0.23170731707317074,0.003048780487804878,26,74147.7259500615,375.0,74522.7259500615,0.0,0.15384615384615385,0.8461538461538461,0.028846153846153848,16,28800.0,0.0,28800.0,0.0,1.0,0.0,0.0,45,9,0.3234337824861435,70.58083636481166,15.557486883181937,10,1,0.3852168259020825,26,8,0.3597491451154559,1,0,0.038461538461538464,8,0,0.5,0.023761707607932222,575.0,328387.1971244251,328.3871971244251,17,92,41,0.11333333333333333,0.6133333333333333,0.2733333333333333,341153.67965691775,341153.67965691775,15.557486883181937,0.3234337824861435,150,U,3,CG+IR,True,True,True,13.75885113945667
390112.5029857871,5.588937399996212,0.9955276000036974,0.0,0.0,390112.5029857871,390112.5029857871,390112.5029857871,0.0,-461.2125976497341,673,0,0.0,-461.2125976497341,673,2452,13,5.588937399996212,budgeted_max_iter,Pool LP-IP gap,False,False,False,0.0,164,Greedy:150;FIFO:150,-461.2125976497341,ok,sequential,Optimal,Optimal,True,13,1950,2216,2452,-461.2125976497341,0.17812466462844478,0,388337.5029857871,1775.0,21,67543.60392981829,0.0,67543.60392981829,0.0,1.0,0.0,0.0,79,174440.65540101012,1400.0,175840.65540101012,0.13924050632911392,0.4810126582278481,0.379746835443038,0.022151898734177215,23,64153.2436549585,375.0,64528.2436549585,0.0,0.21739130434782608,0.782608695652174,0.03260869565217391,27,82200.0,0.0,82200.0,0.07407407407407407,0.18518518518518517,0.7407407407407407,0.0,0,0,0.0,0.0,9.812622828382159,0,0,0.0,0,0,0.0,0,0,0.0,0,0,0.0,0.029516137135367635,1775.0,350643.7367844691,350.6437367844691,13,69,68,0.08666666666666667,0.46,0.4533333333333333,390112.5029857871,390112.5029857871,9.812622828382159,0.0,150,U,4,CG+IR,True,True,False,
335723.44677388726,34.98596920000273,2.3825321000040276,4.220057592505673e-05,0.004220057592505673,335709.27905108186,335709.27905108186,335723.44677388726,0.004220057592505673,-402.0769976497345,4072,11,-14.127970975163862,-402.0769976497345,4072,9991,20,34.98596920000273,budgeted_stabilized,Pool LP-IP gap,False,False,True,1.3205682281466829e-11,344,incumbent:150;Greedy:150;FIFO:150,-402.0769976497345,ok,simops,Optimal,Optimal,True,20,3000,9589,9991,-402.0769976497345,0.06809964550028363,0,335348.44677388726,375.0,21,67543.60392981829,0.0,67543.60392981829,0.0,1.0,0.0,0.0,79,157451.59918911036,0.0,157451.59918911036,0.189873417721519,0.5189873417721519,0.2911392405063291,0.0,23,64153.2436549585,375.0,64528.2436549585,0.0,0.21739130434782608,0.782608695652174,0.03260869565217391,27,46200.0,0.0,46200.0,0.07407407407407407,0.9259259259259259,0.0,0.0,43,12,0.3187033301907038,68.501431469056,15.367207952903785,10,1,0.5141224001420203,19,8,0.2768824281127298,0,0,0.0,14,3,0.5605636038784255,0.023778039868789874,375.0,323187.47376065585,323.18747376065585,17,92,41,0.11333333333333333,0.6133333333333333,0.2733333333333333,335723.44677388726,335723.44677388726,15.367207952903785,0.3187033301907038,150,U,4,CG+IR,True,True,True,13.941890043416885
401594.91449056834,4.619519200001378,0.890147900005104,0.0,0.0,401594.91449056834,401594.91449056834,401594.91449056834,0.0,-507.74011697958076,724,0,0.0,-507.74011697958076,724,2238,11,4.619519200001378,budgeted_max_iter,Pool LP-IP gap,False,False,False,0.0,173,Greedy:150;FIFO:150,-507.74011697958076,ok,sequential,Optimal,Optimal,True,11,1650,1992,2238,-507.74011697958076,0.19269275902237587,0,399819.91449056834,1775.0,26,83976.5521194394,0.0,83976.5521194394,0.0,1.0,0.0,0.0,77,173058.563561312,1400.0,174458.563561312,0.14285714285714285,0.4805194805194805,0.37662337662337664,0.022727272727272728,23,62984.79880981683,0.0,62984.79880981683,0.0,0.21739130434782608,0.782608695652174,0.0,24,79800.0,375.0,80175.0,0.041666666666666664,0.08333333333333333,0.875,0.010416666666666666,0,0,0.0,0.0,9.654001707228261,0,0,0.0,0,0,0.0,0,0,0.0,0,0,0.0,0.031709450775766805,1775.0,360739.6277194419,360.7396277194419,12,70,68,0.08,0.4666666666666667,0.4533333333333333,401594.91449056834,401594.91449056834,9.654001707228261,0.0,150,U,5,CG+IR,True,True,False,
354669.7195123113,35.257700499998464,2.4734587000129977,9.666444935207003e-05,0.009666444935207004,354635.43555917277,354635.43555917277,354669.7195123113,0.009666444935207004,-449.23741697958076,2121,4,-4.931547982778284e-05,-449.23741697958076,2121,10137,20,35.257700499998464,budgeted_stabilized,Pool LP-IP gap,False,False,True,0.0,322,incumbent:150;Greedy:150;FIFO:150,-449.23741697958076,ok,simops,Optimal,Optimal,True,20,3000,9754,10137,-449.23741697958076,0.07015371578226168,0,354469.7195123113,200.0,26,83976.5521194394,0.0,83976.5521194394,0.0,1.0,0.0,0.0,77,166443.49958472344,200.0,166643.49958472344,0.16883116883116883,0.4805194805194805,0.35064935064935066,0.003246753246753247,23,64449.6678081484,0.0,64449.6678081484,0.0,0.17391304347826086,0.8260869565217391,0.0,24,39600.0,0.0,39600.0,0.125,0.875,0.0,0.0,39,13,0.2972598817374764,65.54735743268009,14.645014410052669,7,2,0.32210928999368094,14,9,0.2236237934318202,0,0,0.0,18,2,0.7914628594389835,0.017411964754238198,200.0,337676.99164469005,337.67699164469,16,88,46,0.10666666666666667,0.5866666666666667,0.30666666666666664,354669.7195123113,354669.7195123113,14.645014410052669,0.2972598817374764,150,U,5,CG+IR,True,True,True,11.68470846743233
402288.85129164526,5.963089200005925,1.148108699999284,0.000384763489827449,0.0384763489827449,402134.0652293036,402134.0652293036,402288.85129164526,0.0384763489827449,-765.2519690203679,349,0,0.0,-765.2519690203679,349,2266,15,5.963089200005925,budgeted_max_iter,Pool LP-IP gap,False,False,False,0.0,164,Greedy:150;FIFO:150,-765.2519690203679,ok,sequential,Optimal,Optimal,True,15,2250,2028,2266,-765.2519690203679,0.1925358923019537,0,399063.85129164526,3225.0,27,87972.77607002066,0.0,87972.77607002066,0.0,1.0,0.0,0.0,67,140154.64699739407,2600.0,142754.64699739407,0.16417910447761194,0.5373134328358209,0.29850746268656714,0.048507462686567165,26,73136.4282242305,625.0,73761.4282242305,0.0,0.23076923076923078,0.7692307692307693,0.04807692307692308,30,97800.0,0.0,97800.0,0.03333333333333333,0.13333333333333333,0.8333333333333334,0.0,0,0,0.0,0.0,10.371808570153371,0,0,0.0,0,0,0.0,0,0,0.0,0,0,0.0,0.04821820733006612,3225.0,361663.22770261765,361.66322770261763,12,73,65,0.08,0.4866666666666667,0.43333333333333335,402288.85129164526,402288.85129164526,10.371808570153371,0.0,150,U,6,CG+IR,True,True,False,
353944.39304937253,34.43121310000424,2.4478962999928626,2.7162126714294553e-05,0.0027162126714294554,353934.7791669187,353934.7791669187,353944.39304937253,0.0027162126714294554,-422.6177496919436,1500,0,0.0,-422.6177496919436,1500,9529,20,34.43121310000424,budgeted_max_iter,Pool LP-IP gap,False,False,False,0.0,325,incumbent:150;Greedy:150;FIFO:150,-422.6177496919436,ok,simops,Optimal,Optimal,True,20,3000,9137,9529,-422.6177496919436,0.07109526733441061,0,353169.39304937253,775.0,27,86035.67139665139,0.0,86035.67139665139,0.037037037037037035,0.9629629629629629,0.0,0.0,67,144258.51207292516,400.0,144658.51207292516,0.13432835820895522,0.5522388059701493,0.31343283582089554,0.007462686567164179,26,76075.20957979604,375.0,76450.20957979604,0.0,0.15384615384615385,0.8461538461538461,0.028846153846153848,30,46800.0,0.0,46800.0,0.2,0.8,0.0,0.0,41,7,0.2922571835830316,69.46240065032276,15.798242352931332,5,1,0.19764629612639115,14,4,0.2265740392931702,0,0,0.0,22,2,0.7773888969799925,0.028431814921742647,775.0,338839.38581248466,338.83938581248464,16,91,43,0.10666666666666667,0.6066666666666667,0.2866666666666667,353944.39304937253,353944.39304937253,15.798242352931332,0.2922571835830316,150,U,6,CG+IR,True,True,False,12.01734974435687
420054.79961710365,5.668198300001677,1.1339100000041071,0.0,0.0,420054.79961710365,420054.79961710365,420054.79961710365,0.0,-600.0812105118794,622,0,0.0,-600.0812105118794,622,2246,14,5.668198300001677,budgeted_max_iter,Pool LP-IP gap,False,False,False,0.0,158,Greedy:150;FIFO:150,-600.0812105118794,ok,sequential,Optimal,Optimal,True,14,2100,2021,2246,-600.0812105118794,0.20004769416831653,0,416104.79961710365,3950.0,28,90607.98224293902,0.0,90607.98224293902,0.0,1.0,0.0,0.0,79,190728.1519548817,2200.0,192928.1519548817,0.12658227848101267,0.379746835443038,0.4936708860759494,0.03481012658227848,17,48968.66541928268,1000.0,49968.66541928268,0.0,0.23529411764705882,0.7647058823529411,0.11764705882352941,26,85800.0,750.0,86550.0,0.07692307692307693,0.038461538461538464,0.8846153846153846,0.019230769230769232,0,0,0.0,0.0,9.058831279063073,0,0,0.0,0,0,0.0,0,0,0.0,0,0,0.0,0.05191834277937614,3950.0,371011.44608267664,371.0114460826766,12,63,75,0.08,0.42,0.5,420054.79961710365,420054.79961710365,9.058831279063073,0.0,150,U,7,CG+IR,True,True,False,
360823.4999219747,37.40536749999592,2.5533645000105025,5.624341608446892e-05,0.0056243416084468915,360803.20597573556,360803.20597573556,360823.4999219747,0.0056243416084468915,-356.4820995889363,2273,11,-94.12255372599384,-356.4820995889363,2273,10906,20,37.40536749999592,budgeted_stabilized,Pool LP-IP gap,False,False,True,1.6586293376581202e-11,322,incumbent:150;Greedy:150;FIFO:150,-356.4820995889363,ok,simops,Optimal,Optimal,True,20,3000,10531,10906,-356.4820995889363,0.06826198138571372,0,358848.4999219747,1975.0,28,90607.98224293902,500.0,91107.98224293902,0.0,1.0,0.0,0.008928571428571428,79,168606.51168733073,600.0,169206.51168733073,0.16455696202531644,0.4810126582278481,0.35443037974683544,0.00949367088607595,17,50434.00599170475,875.0,51309.00599170475,0.0,0.17647058823529413,0.8235294117647058,0.10294117647058823,26,49200.0,0.0,49200.0,0.15384615384615385,0.6923076923076923,0.15384615384615385,0.0,52,7,0.36483054528599174,70.3750142039734,15.388492730116669,10,1,0.35846634215286344,26,4,0.34735088860652613,0,0,0.0,16,2,0.663338615873193,0.039904752776083734,1975.0,341513.03984967724,341.5130398496772,17,87,46,0.11333333333333333,0.58,0.30666666666666664,360823.4999219747,360823.4999219747,15.388492730116669,0.36483054528599174,150,U,7,CG+IR,True,True,True,14.100850591189666
415592.168041208,5.309733499998401,1.0440558999907807,0.0,0.0,415592.168041208,415592.168041208,415592.168041208,0.0,-559.8623278365858,506,0,0.0,-559.8623278365858,506,2195,13,5.309733499998401,budgeted_max_iter,Pool LP-IP gap,False,False,False,0.0,169,Greedy:150;FIFO:150,-559.8623278365858,ok,sequential,Optimal,Optimal,True,13,1950,1958,2195,-559.8623278365858,0.19663056535532247,0,412167.168041208,3425.0,30,96123.65071705641,0.0,96123.65071705641,0.0,1.0,0.0,0.0,81,206642.88195749465,1800.0,208442.88195749465,0.1111111111111111,0.345679012345679,0.5432098765432098,0.027777777777777776,21,59000.635366656956,1250.0,60250.635366656956,0.0,0.19047619047619047,0.8095238095238095,0.11904761904761904,18,50400.0,375.0,50775.0,0.16666666666666666,0.16666666666666666,0.6666666666666666,0.013888888888888888,0,0,0.0,0.0,9.026227052331942,0,0,0.0,0,0,0.0,0,0,0.0,0,0,0.0,0.05366025063772428,3425.0,369826.37860219466,369.82637860219467,12,65,73,0.08,0.43333333333333335,0.4866666666666667,415592.168041208,415592.168041208,9.026227052331942,0.0,150,U,8,CG+IR,True,True,False,
360535.73570998287,36.71668630000204,2.5126856000060798,0.00010781286924486401,0.010781286924486402,360496.86531785066,360496.86531785066,360535.73570998287,0.010781286924486402,-364.391594400905,5916,57,-275.61980868377714,-364.391594400905,5916,10389,20,36.71668630000204,budgeted_max_iter,Pool LP-IP gap,False,False,False,0.0,342,incumbent:150;Greedy:150;FIFO:150,-364.391594400905,ok,simops,Optimal,Optimal,True,20,3000,9992,10389,-364.391594400905,0.06843443276649779,0,359035.73570998287,1500.0,30,96123.65071705641,500.0,96623.65071705641,0.0,1.0,0.0,0.008333333333333333,81,169711.4496262695,0.0,169711.4496262695,0.20987654320987653,0.4567901234567901,0.3333333333333333,0.0,21,59000.635366656956,1000.0,60000.635366656956,0.0,0.19047619047619047,0.8095238095238095,0.09523809523809523,18,34200.0,0.0,34200.0,0.0,0.9444444444444444,0.05555555555555555,0.0,44,10,0.3070002618248,59.444041055531656,15.189765337119479,7,0,0.2333108246378022,26,9,0.34166733032639124,0,0,0.0,11,1,0.6319811543415698,0.025483997703851954,1500.0,342251.9486236885,342.25194862368846,17,88,45,0.11333333333333333,0.5866666666666667,0.3,360535.73570998287,360535.73570998287,15.189765337119479,0.3070002618248,150,U,8,CG+IR,True,True,False,13.247706902350966
399434.6442687517,3.618040800000017,0.6752861999993911,0.0,0.0,399434.6442687517,399434.6442687517,399434.6442687517,0.0,-527.2361395086014,622,0,0.0,-527.2361395086014,622,2152,9,3.618040800000017,budgeted_max_iter,Pool LP-IP gap,False,False,False,0.0,166,Greedy:150;FIFO:150,-527.2361395086014,ok,sequential,Optimal,Optimal,True,9,1350,1907,2152,-527.2361395086014,0.18664416387990648,0,396109.6442687517,3325.0,29,90841.87626409098,0.0,90841.87626409098,0.0,1.0,0.0,0.0,72,161696.76998424652,2200.0,163896.76998424652,0.1527777777777778,0.4583333333333333,0.3888888888888889,0.03819444444444445,31,87170.9980204142,375.0,87545.9980204142,0.0,0.22580645161290322,0.7741935483870968,0.024193548387096774,18,56400.0,750.0,57150.0,0.05555555555555555,0.16666666666666666,0.7777777777777778,0.027777777777777776,0,0,0.0,0.0,9.876385739743467,0,0,0.0,0,0,0.0,0,0,0.0,0,0,0.0,0.05153438101508374,3325.0,358897.64840793895,358.89764840793896,12,72,66,0.08,0.48,0.44,399434.6442687517,399434.6442687517,9.876385739743467,0.0,150,U,9,CG+IR,True,True,False,
350637.48633309297,34.10365889999957,2.3485067000074196,5.494292770153495e-05,0.005494292770153495,350618.2212830319,350618.2212830319,350637.48633309297,0.005494292770153495,-371.2994813186119,3537,18,-54.33111552643459,-371.2994813186119,3537,9814,20,34.10365889999957,budgeted_stabilized,Pool LP-IP gap,False,False,True,3.8320099492063046e-11,353,incumbent:150;Greedy:150;FIFO:150,-371.2994813186119,ok,simops,Optimal,Optimal,True,20,3000,9401,9814,-371.2994813186119,0.06886377520059729,0,349437.48633309297,1200.0,29,90841.87626409098,0.0,90841.87626409098,0.0,1.0,0.0,0.0,72,140068.1676657522,200.0,140268.1676657522,0.2222222222222222,0.5277777777777778,0.25,0.003472222222222222,31,87327.44240324972,1000.0,88327.44240324972,0.0,0.22580645161290322,0.7741935483870968,0.06451612903225806,18,31200.0,0.0,31200.0,0.05555555555555555,0.9444444444444444,0.0,0.0,38,11,0.2898414163708113,67.61994129338575,15.530488499428662,7,4,0.32706333421924216,17,5,0.2591833335655228,1,0,0.03225806451612903,13,2,0.7961208748081128,0.029360335053612067,1200.0,335146.5312636025,335.14653126360247,17,91,42,0.11333333333333333,0.6066666666666667,0.28,350637.48633309297,350637.48633309297,15.530488499428662,0.2898414163708113,150,U,9,CG+IR,True,True,True,12.216556234122384
398765.8589508675,8.720976900003734,1.566861000006611,1.45969519724203e-16,1.45969519724203e-14,398765.85895086743,398765.85895086743,398765.8589508675,1.45969519724203e-14,-420.970247890265,243,1,-1.1964204986725235e-06,-420.970247890265,243,2571,20,8.720976900003734,budgeted_stabilized,Pool LP-IP gap,False,False,True,0.0,186,Greedy:150;FIFO:150,-420.970247890265,ok,sequential,Optimal,Optimal,True,20,3000,2311,2571,-420.970247890265,0.17966576657323105,0,396540.8589508675,2225.0,25,80375.14124162636,0.0,80375.14124162636,0.0,1.0,0.0,0.0,78,175806.49145677846,600.0,176406.49145677846,0.1282051282051282,0.5,0.3717948717948718,0.009615384615384616,25,70759.22625246266,1625.0,72384.22625246266,0.0,0.2,0.8,0.13,22,69600.0,0.0,69600.0,0.09090909090909091,0.09090909090909091,0.8181818181818182,0.0,0,0,0.0,0.0,9.917285178119986,0,0,0.0,0,0,0.0,0,0,0.0,0,0,0.0,0.04158584523865765,2225.0,359251.13605735276,359.25113605735277,12,71,67,0.08,0.47333333333333333,0.44666666666666666,398765.8589508675,398765.8589508675,9.917285178119986,0.0,150,U,10,CG+IR,True,True,True,
351809.5147941069,37.37861999999586,2.4552855999863823,0.00012420884626153464,0.012420884626153464,351765.8169401705,351765.8169401705,351809.5147941069,0.012420884626153464,-420.1261478902652,4841,80,-47.18317091283461,-420.1261478902652,4841,10560,20,37.37861999999586,budgeted_max_iter,Pool LP-IP gap,False,False,False,0.0,331,incumbent:150;Greedy:150;FIFO:150,-420.1261478902652,ok,simops,Optimal,Optimal,True,20,3000,10168,10560,-420.1261478902652,0.06568689801781484,0,350009.5147941069,1800.0,25,80375.14124162636,0.0,80375.14124162636,0.0,1.0,0.0,0.0,78,155675.14730001794,800.0,156475.14730001794,0.21794871794871795,0.5128205128205128,0.2692307692307692,0.01282051282051282,25,70759.22625246266,1000.0,71759.22625246266,0.0,0.2,0.8,0.08,22,43200.0,0.0,43200.0,0.0,0.9090909090909091,0.09090909090909091,0.0,36,16,0.28773601144809924,61.960311749579546,15.537888211635005,8,4,0.37449559867050847,21,9,0.3320342910191312,0,0,0.0,7,3,0.3590607750436341,0.039304636629320225,1800.0,335491.47316374775,335.49147316374774,17,90,43,0.11333333333333333,0.6,0.2866666666666667,351809.5147941069,351809.5147941069,15.537888211635005,0.28773601144809924,150,U,10,CG+IR,True,True,False,11.775417354008272
