experiment,scenario,mechanism,N,seed,method,param_name,param_value,obj,runtime_total,runtime_pricing,gap,status,error,num_iters,num_pricing_calls,num_columns_added,min_reduced_cost_last,pricing_time_share,cost_energy,cost_delay,shore_utilization,mode_shore_count,mode_battery_count,mode_brown_count,infeasible_jobs,shore_ratio,battery_ratio,brown_ratio,mechanism_counts,type_A_count,type_A_cost_energy,type_A_cost_delay,type_A_cost_total,type_A_shore_ratio,type_A_battery_ratio,type_A_brown_ratio,type_A_avg_tardy_hours,type_B_count,type_B_cost_energy,type_B_cost_delay,type_B_cost_total,type_B_shore_ratio,type_B_battery_ratio,type_B_brown_ratio,type_B_avg_tardy_hours,type_C_count,type_C_cost_energy,type_C_cost_delay,type_C_cost_total,type_C_shore_ratio,type_C_battery_ratio,type_C_brown_ratio,type_C_avg_tardy_hours,type_D_count,type_D_cost_energy,type_D_cost_delay,type_D_cost_total,type_D_shore_ratio,type_D_battery_ratio,type_D_brown_ratio,type_D_avg_tardy_hours
mechanism,U,hybrid,100,1,cg,mechanism,hybrid,178339.47421345147,8.084030199999688,0.0,,ok,,1.0,0.0,0.0,0.0,0.0,178339.47421345147,0.0,1.0,13,87,0,0,0.13,0.87,0.0,"{'shore': 13, 'battery': 87, 'brown': 0}",19,51171.21168002153,0.0,51171.21168002153,0.21052631578947367,0.7894736842105263,0.0,0.0,48,73752.12764578388,0.0,73752.12764578388,0.16666666666666666,0.8333333333333334,0.0,0.0,19,29416.134887646014,0.0,29416.134887646014,0.0,1.0,0.0,0.0,14,24000.0,0.0,24000.0,0.07142857142857142,0.9285714285714286,0.0,0.0
mechanism,U,hybrid,100,1,greedy,mechanism,hybrid,220165.3258081347,0.0659367999760434,,,ok,,,,,,,209415.3258081347,10750.0,1.0,15,68,17,0,0.15,0.68,0.17,"{'shore': 15, 'battery': 68, 'brown': 17}",19,63433.13623099793,4500.0,67933.13623099793,0.05263157894736842,0.8421052631578947,0.10526315789473684,0.11842105263157894,48,81669.17117611007,5000.0,86669.17117611007,0.2916666666666667,0.5208333333333334,0.1875,0.13020833333333334,19,33713.01840102664,875.0,34588.01840102664,0.0,0.8421052631578947,0.15789473684210525,0.09210526315789473,14,30600.0,375.0,30975.0,0.0,0.7857142857142857,0.21428571428571427,0.017857142857142856
mechanism,U,hybrid,100,1,fifo,mechanism,hybrid,218820.70862380567,0.02923630000441335,,,ok,,,,,,,209195.70862380564,9625.0,1.0,15,69,16,0,0.15,0.69,0.16,"{'shore': 15, 'battery': 69, 'brown': 16}",19,65720.60449132964,1000.0,66720.60449132964,0.0,0.8947368421052632,0.10526315789473684,0.02631578947368421,48,80542.87006744315,6000.0,86542.87006744315,0.3125,0.5,0.1875,0.15625,19,32332.23406503286,2250.0,34582.234065032855,0.0,0.8947368421052632,0.10526315789473684,0.23684210526315788,14,30600.0,375.0,30975.0,0.0,0.7857142857142857,0.21428571428571427,0.017857142857142856
mechanism,U,hybrid,100,2,cg,mechanism,hybrid,190858.96928937038,9.937369899998885,0.0,,ok,,1.0,0.0,0.0,0.0,0.0,190858.96928937038,0.0,1.0,16,84,0,0,0.16,0.84,0.0,"{'shore': 16, 'battery': 84, 'brown': 0}",23,71908.2069146626,0.0,71908.2069146626,0.043478260869565216,0.9565217391304348,0.0,0.0,53,79252.91996959159,0.0,79252.91996959159,0.2641509433962264,0.7358490566037735,0.0,0.0,12,19297.84240511622,0.0,19297.84240511622,0.0,1.0,0.0,0.0,12,20400.0,0.0,20400.0,0.08333333333333333,0.9166666666666666,0.0,0.0
mechanism,U,hybrid,100,2,greedy,mechanism,hybrid,234162.06951325823,0.06832200000644661,,,ok,,,,,,,219987.06951325823,14175.0,1.0,14,71,15,0,0.14,0.71,0.15,"{'shore': 14, 'battery': 71, 'brown': 15}",23,78101.47441038773,2000.0,80101.47441038773,0.043478260869565216,0.8695652173913043,0.08695652173913043,0.043478260869565216,53,93941.15145405084,9800.0,103741.15145405084,0.24528301886792453,0.5849056603773585,0.16981132075471697,0.23113207547169812,12,20944.44364881962,1250.0,22194.44364881962,0.0,0.9166666666666666,0.08333333333333333,0.20833333333333334,12,27000.0,1125.0,28125.0,0.0,0.75,0.25,0.0625
mechanism,U,hybrid,100,2,fifo,mechanism,hybrid,232550.01869144567,0.03172220001579262,,,ok,,,,,,,218625.01869144573,13925.0,1.0,13,72,15,0,0.13,0.72,0.15,"{'shore': 13, 'battery': 72, 'brown': 15}",23,72220.86992411925,6500.0,78720.86992411925,0.08695652173913043,0.8695652173913043,0.043478260869565216,0.14130434782608695,53,99659.70511850678,5800.0,105459.70511850678,0.18867924528301888,0.6226415094339622,0.18867924528301888,0.13679245283018868,12,20944.44364881962,1625.0,22569.44364881962,0.0,0.9166666666666666,0.08333333333333333,0.2708333333333333,12,25800.0,0.0,25800.0,0.08333333333333333,0.6666666666666666,0.25,0.0
mechanism,U,hybrid,100,3,cg,mechanism,hybrid,183140.37162830672,8.062085300014587,0.0,,ok,,1.0,0.0,0.0,0.0,0.0,182740.37162830672,400.0,1.0,17,83,0,0,0.17,0.83,0.0,"{'shore': 17, 'battery': 83, 'brown': 0}",19,55993.29323078103,0.0,55993.29323078103,0.05263157894736842,0.9473684210526315,0.0,0.0,51,77795.53072019231,400.0,78195.53072019231,0.29411764705882354,0.7058823529411765,0.0,0.00980392156862745,18,28551.54767733338,0.0,28551.54767733338,0.0,1.0,0.0,0.0,12,20400.0,0.0,20400.0,0.08333333333333333,0.9166666666666666,0.0,0.0
mechanism,U,hybrid,100,3,greedy,mechanism,hybrid,215379.81234917633,0.0675475999887567,,,ok,,,,,,,214579.81234917633,800.0,1.0,14,70,16,0,0.14,0.7,0.16,"{'shore': 14, 'battery': 70, 'brown': 16}",19,61442.38944800908,0.0,61442.38944800908,0.15789473684210525,0.6842105263157895,0.15789473684210525,0.0,51,91377.7905589252,800.0,92177.7905589252,0.17647058823529413,0.7254901960784313,0.09803921568627451,0.0196078431372549,18,31759.632342242065,0.0,31759.632342242065,0.0,0.8888888888888888,0.1111111111111111,0.0,12,30000.0,0.0,30000.0,0.16666666666666666,0.3333333333333333,0.5,0.0
mechanism,U,hybrid,100,3,fifo,mechanism,hybrid,217187.02314392925,0.028666800004430115,,,ok,,,,,,,213212.02314392925,3975.0,1.0,14,71,15,0,0.14,0.71,0.15,"{'shore': 14, 'battery': 71, 'brown': 15}",19,61442.38944800908,0.0,61442.38944800908,0.15789473684210525,0.6842105263157895,0.15789473684210525,0.0,51,90010.0013536781,3600.0,93610.0013536781,0.17647058823529413,0.7450980392156863,0.0784313725490196,0.08823529411764706,18,31759.632342242065,0.0,31759.632342242065,0.0,0.8888888888888888,0.1111111111111111,0.0,12,30000.0,375.0,30375.0,0.16666666666666666,0.3333333333333333,0.5,0.020833333333333332
mechanism,U,hybrid,100,4,cg,mechanism,hybrid,177341.03968776262,9.626735500001814,0.0,,ok,,1.0,0.0,0.0,0.0,0.0,177341.03968776262,0.0,1.0,12,88,0,0,0.12,0.88,0.0,"{'shore': 12, 'battery': 88, 'brown': 0}",14,35447.145657655055,0.0,35447.145657655055,0.2857142857142857,0.7142857142857143,0.0,0.0,56,91632.75342670841,0.0,91632.75342670841,0.125,0.875,0.0,0.0,10,15461.140603399324,0.0,15461.140603399324,0.0,1.0,0.0,0.0,20,34800.0,0.0,34800.0,0.05,0.95,0.0,0.0
mechanism,U,hybrid,100,4,greedy,mechanism,hybrid,204385.5097238203,0.07049000001279637,,,ok,,,,,,,201860.50972382032,2525.0,1.0,15,73,12,0,0.15,0.73,0.12,"{'shore': 15, 'battery': 73, 'brown': 12}",14,49053.02407070766,0.0,49053.02407070766,0.07142857142857142,0.7857142857142857,0.14285714285714285,0.0,56,90695.1762994029,1400.0,92095.1762994029,0.23214285714285715,0.7142857142857143,0.05357142857142857,0.03125,10,18312.30935370981,0.0,18312.30935370981,0.0,0.8,0.2,0.0,20,43800.0,1125.0,44925.0,0.05,0.7,0.25,0.0375
mechanism,U,hybrid,100,4,fifo,mechanism,hybrid,203406.9223839895,0.03188730002148077,,,ok,,,,,,,199481.9223839895,3925.0,1.0,16,73,11,0,0.16,0.73,0.11,"{'shore': 16, 'battery': 73, 'brown': 11}",14,49053.02407070766,0.0,49053.02407070766,0.07142857142857142,0.7857142857142857,0.14285714285714285,0.0,56,91316.58895957212,2800.0,94116.58895957212,0.23214285714285715,0.7142857142857143,0.05357142857142857,0.0625,10,18312.30935370981,0.0,18312.30935370981,0.0,0.8,0.2,0.0,20,40800.0,1125.0,41925.0,0.1,0.7,0.2,0.0375
mechanism,U,hybrid,100,5,cg,mechanism,hybrid,180168.2240439343,8.022480999992695,0.0,,ok,,1.0,0.0,0.0,0.0,0.0,180168.2240439343,0.0,1.0,15,85,0,0,0.15,0.85,0.0,"{'shore': 15, 'battery': 85, 'brown': 0}",17,52370.87449716643,0.0,52370.87449716643,0.058823529411764705,0.9411764705882353,0.0,0.0,50,73259.75840385804,0.0,73259.75840385804,0.26,0.74,0.0,0.0,17,26937.591142909787,0.0,26937.591142909787,0.0,1.0,0.0,0.0,16,27600.0,0.0,27600.0,0.0625,0.9375,0.0,0.0
mechanism,U,hybrid,100,5,greedy,mechanism,hybrid,221624.07009034217,0.0646742999961134,,,ok,,,,,,,212749.07009034217,8875.0,1.0,14,69,17,0,0.14,0.69,0.17,"{'shore': 14, 'battery': 69, 'brown': 17}",17,58329.573714104714,0.0,58329.573714104714,0.058823529411764705,0.8235294117647058,0.11764705882352941,0.0,50,82667.66515175608,6000.0,88667.66515175608,0.24,0.66,0.1,0.15,17,31551.83122448139,1375.0,32926.831224481386,0.0,0.8235294117647058,0.17647058823529413,0.16176470588235295,16,40200.0,1500.0,41700.0,0.0625,0.5,0.4375,0.0625
mechanism,U,hybrid,100,5,fifo,mechanism,hybrid,220107.76901698558,0.030240299995057285,,,ok,,,,,,,211457.76901698555,8650.0,1.0,13,71,16,0,0.13,0.71,0.16,"{'shore': 13, 'battery': 71, 'brown': 16}",17,56468.61230535645,0.0,56468.61230535645,0.11764705882352941,0.7647058823529411,0.11764705882352941,0.0,50,83237.32548714774,6400.0,89637.32548714774,0.2,0.72,0.08,0.16,17,31551.83122448139,2250.0,33801.831224481386,0.0,0.8235294117647058,0.17647058823529413,0.2647058823529412,16,40200.0,0.0,40200.0,0.0625,0.5,0.4375,0.0
mechanism,U,hybrid,100,6,cg,mechanism,hybrid,183223.63287354715,8.072849199990742,0.0,,ok,,1.0,0.0,0.0,0.0,0.0,183223.63287354715,0.0,1.0,14,86,0,0,0.14,0.86,0.0,"{'shore': 14, 'battery': 86, 'brown': 0}",18,49716.88489610076,0.0,49716.88489610076,0.2222222222222222,0.7777777777777778,0.0,0.0,46,73300.99882750347,0.0,73300.99882750347,0.1956521739130435,0.8043478260869565,0.0,0.0,16,25405.74914994303,0.0,25405.74914994303,0.0,1.0,0.0,0.0,20,34800.0,0.0,34800.0,0.05,0.95,0.0,0.0
mechanism,U,hybrid,100,6,greedy,mechanism,hybrid,214685.9432004822,0.06475789999240078,,,ok,,,,,,,208485.94320048223,6200.0,1.0,13,74,13,0,0.13,0.74,0.13,"{'shore': 13, 'battery': 74, 'brown': 13}",18,53208.963229999776,500.0,53708.963229999776,0.2222222222222222,0.7222222222222222,0.05555555555555555,0.013888888888888888,46,81445.47731771528,5200.0,86645.47731771528,0.13043478260869565,0.8043478260869565,0.06521739130434782,0.14130434782608695,16,27031.50265276717,500.0,27531.50265276717,0.0,0.9375,0.0625,0.0625,20,46800.0,0.0,46800.0,0.15,0.45,0.4,0.0
mechanism,U,hybrid,100,6,fifo,mechanism,hybrid,214449.81049869012,0.03149449999909848,,,ok,,,,,,,206949.81049869012,7500.0,1.0,13,75,12,0,0.13,0.75,0.12,"{'shore': 13, 'battery': 75, 'brown': 12}",18,55134.544781904835,0.0,55134.544781904835,0.16666666666666666,0.7777777777777778,0.05555555555555555,0.0,46,79783.76306401812,6000.0,85783.76306401812,0.15217391304347827,0.782608695652174,0.06521739130434782,0.16304347826086957,16,27031.50265276717,0.0,27031.50265276717,0.0,0.9375,0.0625,0.0,20,45000.0,1500.0,46500.0,0.15,0.5,0.35,0.05
mechanism,U,hybrid,100,7,cg,mechanism,hybrid,189322.52269292471,8.58752169998479,0.0,,ok,,1.0,0.0,0.0,0.0,0.0,189322.52269292471,0.0,1.0,15,85,0,0,0.15,0.85,0.0,"{'shore': 15, 'battery': 85, 'brown': 0}",21,65953.43916278282,0.0,65953.43916278282,0.0,1.0,0.0,0.0,54,83303.53303747573,0.0,83303.53303747573,0.24074074074074073,0.7592592592592593,0.0,0.0,10,15465.550492666183,0.0,15465.550492666183,0.0,1.0,0.0,0.0,15,24600.0,0.0,24600.0,0.13333333333333333,0.8666666666666667,0.0,0.0
mechanism,U,hybrid,100,7,greedy,mechanism,hybrid,228605.9273768511,0.06209580000722781,,,ok,,,,,,,221980.9273768511,6625.0,1.0,12,72,16,0,0.12,0.72,0.16,"{'shore': 12, 'battery': 72, 'brown': 16}",21,66510.52725344517,3500.0,70010.52725344517,0.14285714285714285,0.7619047619047619,0.09523809523809523,0.08333333333333333,54,97198.26594784942,2000.0,99198.26594784942,0.16666666666666666,0.7407407407407407,0.09259259259259259,0.046296296296296294,10,16872.13417555656,0.0,16872.13417555656,0.0,0.9,0.1,0.0,15,41400.0,1125.0,42525.0,0.0,0.4666666666666667,0.5333333333333333,0.05
mechanism,U,hybrid,100,7,fifo,mechanism,hybrid,228022.61927642013,0.032158799993339926,,,ok,,,,,,,219972.61927642013,8050.0,1.0,13,72,15,0,0.13,0.72,0.15,"{'shore': 13, 'battery': 72, 'brown': 15}",21,68458.47257148934,1500.0,69958.47257148934,0.09523809523809523,0.8095238095238095,0.09523809523809523,0.03571428571428571,54,93242.01252937423,5800.0,99042.01252937423,0.2037037037037037,0.7222222222222222,0.07407407407407407,0.13425925925925927,10,16872.13417555656,0.0,16872.13417555656,0.0,0.9,0.1,0.0,15,41400.0,750.0,42150.0,0.0,0.4666666666666667,0.5333333333333333,0.03333333333333333
mechanism,U,hybrid,100,8,cg,mechanism,hybrid,186836.3568559996,7.707391200005077,0.0,,ok,,1.0,0.0,0.0,0.0,0.0,186836.3568559996,0.0,1.0,15,85,0,0,0.15,0.85,0.0,"{'shore': 15, 'battery': 85, 'brown': 0}",19,58074.14399028504,0.0,58074.14399028504,0.05263157894736842,0.9473684210526315,0.0,0.0,61,96174.23193107468,0.0,96174.23193107468,0.21311475409836064,0.7868852459016393,0.0,0.0,9,13987.98093463991,0.0,13987.98093463991,0.0,1.0,0.0,0.0,11,18600.0,0.0,18600.0,0.09090909090909091,0.9090909090909091,0.0,0.0
mechanism,U,hybrid,100,8,greedy,mechanism,hybrid,225065.48916109605,0.0645788999972865,,,ok,,,,,,,214990.48916109602,10075.0,1.0,13,75,12,0,0.13,0.75,0.12,"{'shore': 13, 'battery': 75, 'brown': 12}",19,70779.95788741678,0.0,70779.95788741678,0.05263157894736842,0.7368421052631579,0.21052631578947367,0.0,61,104422.55033903931,9200.0,113622.55033903931,0.18032786885245902,0.7540983606557377,0.06557377049180328,0.1885245901639344,9,13987.98093463991,500.0,14487.98093463991,0.0,1.0,0.0,0.1111111111111111,11,25800.0,375.0,26175.0,0.09090909090909091,0.5454545454545454,0.36363636363636365,0.022727272727272728
mechanism,U,hybrid,100,8,fifo,mechanism,hybrid,224587.83981441523,0.03294649999588728,,,ok,,,,,,,215812.8398144152,8775.0,1.0,12,75,13,0,0.12,0.75,0.13,"{'shore': 12, 'battery': 75, 'brown': 13}",19,65576.8347999092,2500.0,68076.8347999092,0.10526315789473684,0.7368421052631579,0.15789473684210525,0.06578947368421052,61,110448.02407986611,4400.0,114848.02407986611,0.14754098360655737,0.7540983606557377,0.09836065573770492,0.09016393442622951,9,13987.98093463991,375.0,14362.98093463991,0.0,1.0,0.0,0.08333333333333333,11,25800.0,1500.0,27300.0,0.09090909090909091,0.5454545454545454,0.36363636363636365,0.09090909090909091
mechanism,U,hybrid,100,9,cg,mechanism,hybrid,182679.3457196494,6.933029099978739,0.0,,ok,,1.0,0.0,0.0,0.0,0.0,182679.3457196494,0.0,1.0,16,84,0,0,0.16,0.84,0.0,"{'shore': 16, 'battery': 84, 'brown': 0}",19,59157.0456578673,0.0,59157.0456578673,0.0,1.0,0.0,0.0,43,63345.871171377796,0.0,63345.871171377796,0.3023255813953488,0.6976744186046512,0.0,0.0,24,38576.42889040436,0.0,38576.42889040436,0.0,1.0,0.0,0.0,14,21600.0,0.0,21600.0,0.21428571428571427,0.7857142857142857,0.0,0.0
mechanism,U,hybrid,100,9,greedy,mechanism,hybrid,222180.7929448972,0.05797399999573827,,,ok,,,,,,,213480.7929448972,8700.0,1.0,13,70,17,0,0.13,0.7,0.17,"{'shore': 13, 'battery': 70, 'brown': 17}",19,55843.936453196715,4500.0,60343.936453196715,0.15789473684210525,0.7894736842105263,0.05263157894736842,0.11842105263157894,43,80025.20245458726,2200.0,82225.20245458726,0.23255813953488372,0.5813953488372093,0.18604651162790697,0.06395348837209303,24,41611.65403711323,2000.0,43611.65403711323,0.0,0.9166666666666666,0.08333333333333333,0.16666666666666666,14,36000.0,0.0,36000.0,0.0,0.5714285714285714,0.42857142857142855,0.0
mechanism,U,hybrid,100,9,fifo,mechanism,hybrid,219429.9138404785,0.027970800001639873,,,ok,,,,,,,211204.9138404785,8225.0,1.0,13,71,16,0,0.13,0.71,0.16,"{'shore': 13, 'battery': 71, 'brown': 16}",19,55843.936453196715,3000.0,58843.936453196715,0.15789473684210525,0.7894736842105263,0.05263157894736842,0.07894736842105263,43,77749.32335016853,3600.0,81349.32335016853,0.23255813953488372,0.6046511627906976,0.16279069767441862,0.10465116279069768,24,41611.65403711323,1625.0,43236.65403711323,0.0,0.9166666666666666,0.08333333333333333,0.13541666666666666,14,36000.0,0.0,36000.0,0.0,0.5714285714285714,0.42857142857142855,0.0
mechanism,U,hybrid,100,10,cg,mechanism,hybrid,181525.0953533468,8.660919400019338,0.0,,ok,,1.0,0.0,0.0,0.0,0.0,181525.0953533468,0.0,1.0,16,84,0,0,0.16,0.84,0.0,"{'shore': 16, 'battery': 84, 'brown': 0}",18,56432.35545265965,0.0,56432.35545265965,0.0,1.0,0.0,0.0,54,79734.14120897384,0.0,79734.14120897384,0.2777777777777778,0.7222222222222222,0.0,0.0,18,28558.598691713312,0.0,28558.598691713312,0.0,1.0,0.0,0.0,10,16800.0,0.0,16800.0,0.1,0.9,0.0,0.0
mechanism,U,hybrid,100,10,greedy,mechanism,hybrid,214270.07437778,0.06519769999431446,,,ok,,,,,,,210095.07437777997,4175.0,1.0,15,72,13,0,0.15,0.72,0.13,"{'shore': 15, 'battery': 72, 'brown': 13}",18,62852.69817945669,0.0,62852.69817945669,0.0,0.8888888888888888,0.1111111111111111,0.0,54,94683.77750660988,2800.0,97483.77750660988,0.25925925925925924,0.6111111111111112,0.12962962962962962,0.06481481481481481,18,28558.598691713312,1375.0,29933.598691713312,0.0,1.0,0.0,0.1527777777777778,10,24000.0,0.0,24000.0,0.1,0.5,0.4,0.0
mechanism,U,hybrid,100,10,fifo,mechanism,hybrid,214980.2169326769,0.029600300011225045,,,ok,,,,,,,209905.2169326769,5075.0,1.0,15,72,13,0,0.15,0.72,0.13,"{'shore': 15, 'battery': 72, 'brown': 13}",18,62852.69817945669,0.0,62852.69817945669,0.0,0.8888888888888888,0.1111111111111111,0.0,54,94493.92006150678,4200.0,98693.92006150678,0.25925925925925924,0.6111111111111112,0.12962962962962962,0.09722222222222222,18,28558.598691713312,875.0,29433.598691713312,0.0,1.0,0.0,0.09722222222222222,10,24000.0,0.0,24000.0,0.1,0.5,0.4,0.0
mechanism,U,battery_only,100,1,cg,mechanism,battery_only,209113.41544267687,0.5862153999914881,0.0,,ok,,1.0,0.0,0.0,0.0,0.0,208913.41544267687,200.0,0.0,0,91,9,0,0.0,0.91,0.09,"{'shore': 0, 'battery': 91, 'brown': 9}",19,59150.23695702706,0.0,59150.23695702706,0.0,1.0,0.0,0.0,48,90983.6823753794,200.0,91183.6823753794,0.0,0.875,0.125,0.005208333333333333,19,33579.496110270426,0.0,33579.496110270426,0.0,0.8421052631578947,0.15789473684210525,0.0,14,25200.0,0.0,25200.0,0.0,1.0,0.0,0.0
mechanism,U,battery_only,100,1,greedy,mechanism,battery_only,249457.72720671774,0.03598950000014156,,,ok,,,,,,,245082.72720671774,4375.0,0.0,0,74,26,0,0.0,0.74,0.26,"{'shore': 0, 'battery': 74, 'brown': 26}",19,68525.64336243253,0.0,68525.64336243253,0.0,0.8421052631578947,0.15789473684210525,0.0,48,105206.06069201553,2000.0,107206.06069201553,0.0,0.7291666666666666,0.2708333333333333,0.052083333333333336,19,35351.02315226959,875.0,36226.02315226959,0.0,0.7894736842105263,0.21052631578947367,0.09210526315789473,14,36000.0,1500.0,37500.0,0.0,0.5714285714285714,0.42857142857142855,0.07142857142857142
mechanism,U,battery_only,100,1,fifo,mechanism,battery_only,248107.72720671774,0.01033129999996163,,,ok,,,,,,,245082.72720671774,3025.0,0.0,0,74,26,0,0.0,0.74,0.26,"{'shore': 0, 'battery': 74, 'brown': 26}",19,68525.64336243253,0.0,68525.64336243253,0.0,0.8421052631578947,0.15789473684210525,0.0,48,105206.06069201553,1400.0,106606.06069201553,0.0,0.7291666666666666,0.2708333333333333,0.036458333333333336,19,35351.02315226959,125.0,35476.02315226959,0.0,0.7894736842105263,0.21052631578947367,0.013157894736842105,14,36000.0,1500.0,37500.0,0.0,0.5714285714285714,0.42857142857142855,0.07142857142857142
mechanism,U,battery_only,100,2,cg,mechanism,battery_only,226999.44263143974,0.5809172000153922,0.0,,ok,,1.0,0.0,0.0,0.0,0.0,225949.44263143974,1050.0,0.0,0,88,12,0,0.0,0.88,0.12,"{'shore': 0, 'battery': 88, 'brown': 12}",23,73933.56713556702,0.0,73933.56713556702,0.0,1.0,0.0,0.0,53,106716.2924948761,800.0,107516.2924948761,0.0,0.8301886792452831,0.16981132075471697,0.018867924528301886,12,23699.583000996572,250.0,23949.583000996572,0.0,0.75,0.25,0.041666666666666664,12,21600.0,0.0,21600.0,0.0,1.0,0.0,0.0
mechanism,U,battery_only,100,2,greedy,mechanism,battery_only,265994.4728725537,0.03462640001089312,,,ok,,,,,,,260494.47287255368,5500.0,0.0,0,74,26,0,0.0,0.74,0.26,"{'shore': 0, 'battery': 74, 'brown': 26}",23,87199.31158998943,500.0,87699.31158998943,0.0,0.8260869565217391,0.17391304347826086,0.010869565217391304,53,118551.62705323046,3000.0,121551.62705323046,0.0,0.7358490566037735,0.2641509433962264,0.07075471698113207,12,22343.534229333807,875.0,23218.534229333807,0.0,0.8333333333333334,0.16666666666666666,0.14583333333333334,12,32400.0,1125.0,33525.0,0.0,0.5,0.5,0.0625
mechanism,U,battery_only,100,2,fifo,mechanism,battery_only,264519.4728725536,0.010362700006226078,,,ok,,,,,,,260494.47287255368,4025.0,0.0,0,74,26,0,0.0,0.74,0.26,"{'shore': 0, 'battery': 74, 'brown': 26}",23,87199.31158998943,0.0,87199.31158998943,0.0,0.8260869565217391,0.17391304347826086,0.0,53,118551.62705323046,2400.0,120951.62705323046,0.0,0.7358490566037735,0.2641509433962264,0.05660377358490566,12,22343.534229333807,875.0,23218.534229333807,0.0,0.8333333333333334,0.16666666666666666,0.14583333333333334,12,32400.0,750.0,33150.0,0.0,0.5,0.5,0.041666666666666664
mechanism,U,battery_only,100,3,cg,mechanism,battery_only,221311.59926850192,0.6953229999926407,0.0,,ok,,1.0,0.0,0.0,0.0,0.0,220036.59926850192,1275.0,0.0,0,87,13,0,0.0,0.87,0.13,"{'shore': 0, 'battery': 87, 'brown': 13}",19,57905.549811770914,0.0,57905.549811770914,0.0,1.0,0.0,0.0,51,104850.51705446982,400.0,105250.51705446982,0.0,0.8431372549019608,0.1568627450980392,0.00980392156862745,18,35680.532402261095,875.0,36555.532402261095,0.0,0.7222222222222222,0.2777777777777778,0.09722222222222222,12,21600.0,0.0,21600.0,0.0,1.0,0.0,0.0
mechanism,U,battery_only,100,3,greedy,mechanism,battery_only,253916.98326057137,0.03660500000114553,,,ok,,,,,,,245691.98326057137,8225.0,0.0,0,78,22,0,0.0,0.78,0.22,"{'shore': 0, 'battery': 78, 'brown': 22}",19,70538.98205220542,2500.0,73038.98205220542,0.0,0.7894736842105263,0.21052631578947367,0.06578947368421052,51,107393.36886612388,4600.0,111993.36886612388,0.0,0.8431372549019608,0.1568627450980392,0.11274509803921569,18,31759.632342242065,1125.0,32884.63234224207,0.0,0.8888888888888888,0.1111111111111111,0.125,12,36000.0,0.0,36000.0,0.0,0.3333333333333333,0.6666666666666666,0.0
mechanism,U,battery_only,100,3,fifo,mechanism,battery_only,253975.90526256646,0.010910199984209612,,,ok,,,,,,,243850.90526256646,10125.0,0.0,0,79,21,0,0.0,0.79,0.21,"{'shore': 0, 'battery': 79, 'brown': 21}",19,70538.98205220542,3000.0,73538.98205220542,0.0,0.7894736842105263,0.21052631578947367,0.07894736842105263,51,105552.29086811897,6000.0,111552.29086811897,0.0,0.8627450980392157,0.13725490196078433,0.14705882352941177,18,31759.632342242065,1125.0,32884.63234224207,0.0,0.8888888888888888,0.1111111111111111,0.125,12,36000.0,0.0,36000.0,0.0,0.3333333333333333,0.6666666666666666,0.0
mechanism,U,battery_only,100,4,cg,mechanism,battery_only,204940.30656953575,0.816673900000751,0.0,,ok,,1.0,0.0,0.0,0.0,0.0,204540.30656953575,400.0,0.0,0,94,6,0,0.0,0.94,0.06,"{'shore': 0, 'battery': 94, 'brown': 6}",14,44420.6936822464,0.0,44420.6936822464,0.0,1.0,0.0,0.0,56,105877.13024147617,400.0,106277.13024147617,0.0,0.9285714285714286,0.07142857142857142,0.008928571428571428,10,18242.482645813372,0.0,18242.482645813372,0.0,0.8,0.2,0.0,20,36000.0,0.0,36000.0,0.0,1.0,0.0,0.0
mechanism,U,battery_only,100,4,greedy,mechanism,battery_only,240039.7974268263,0.03678240001318045,,,ok,,,,,,,236239.79742682626,3800.0,0.0,0,79,21,0,0.0,0.79,0.21,"{'shore': 0, 'battery': 79, 'brown': 21}",14,51113.879417809825,0.0,51113.879417809825,0.0,0.8571428571428571,0.14285714285714285,0.0,56,109213.60865530673,3800.0,113013.60865530673,0.0,0.9107142857142857,0.08928571428571429,0.08482142857142858,10,18312.30935370981,0.0,18312.30935370981,0.0,0.8,0.2,0.0,20,57600.0,0.0,57600.0,0.0,0.4,0.6,0.0
mechanism,U,battery_only,100,4,fifo,mechanism,battery_only,238239.7974268263,0.010689199989428744,,,ok,,,,,,,234439.7974268263,3800.0,0.0,0,80,20,0,0.0,0.8,0.2,"{'shore': 0, 'battery': 80, 'brown': 20}",14,51113.879417809825,0.0,51113.879417809825,0.0,0.8571428571428571,0.14285714285714285,0.0,56,109213.60865530673,3800.0,113013.60865530673,0.0,0.9107142857142857,0.08928571428571429,0.08482142857142858,10,18312.30935370981,0.0,18312.30935370981,0.0,0.8,0.2,0.0,20,55800.0,0.0,55800.0,0.0,0.45,0.55,0.0
mechanism,U,battery_only,100,5,cg,mechanism,battery_only,213472.00288376055,0.5960849999974016,0.0,,ok,,1.0,0.0,0.0,0.0,0.0,212272.00288376055,1200.0,0.0,0,90,10,0,0.0,0.9,0.1,"{'shore': 0, 'battery': 90, 'brown': 10}",17,54281.29742169947,0.0,54281.29742169947,0.0,1.0,0.0,0.0,50,96504.01963285443,1200.0,97704.01963285443,0.0,0.88,0.12,0.03,17,32686.685829206668,0.0,32686.685829206668,0.0,0.7647058823529411,0.23529411764705882,0.0,16,28800.0,0.0,28800.0,0.0,1.0,0.0,0.0
mechanism,U,battery_only,100,5,greedy,mechanism,battery_only,254283.69974090127,0.033135499979835004,,,ok,,,,,,,246883.6997409013,7400.0,0.0,0,75,25,0,0.0,0.75,0.25,"{'shore': 0, 'battery': 75, 'brown': 25}",17,66952.14664920501,0.0,66952.14664920501,0.0,0.7647058823529411,0.23529411764705882,0.0,50,101783.24370706508,4400.0,106183.24370706508,0.0,0.84,0.16,0.11,17,34948.30938463124,3000.0,37948.30938463124,0.0,0.7058823529411765,0.29411764705882354,0.35294117647058826,16,43200.0,0.0,43200.0,0.0,0.5,0.5,0.0
mechanism,U,battery_only,100,5,fifo,mechanism,battery_only,254494.14848603855,0.010582599992631003,,,ok,,,,,,,245269.14848603855,9225.0,0.0,0,76,24,0,0.0,0.76,0.24,"{'shore': 0, 'battery': 76, 'brown': 24}",17,66952.14664920501,0.0,66952.14664920501,0.0,0.7647058823529411,0.23529411764705882,0.0,50,101783.24370706508,5600.0,107383.24370706508,0.0,0.84,0.16,0.14,17,33333.75812976848,3625.0,36958.75812976848,0.0,0.7647058823529411,0.23529411764705882,0.4264705882352941,16,43200.0,0.0,43200.0,0.0,0.5,0.5,0.0
mechanism,U,battery_only,100,6,cg,mechanism,battery_only,216467.38103143405,0.6069087000214495,0.0,,ok,,1.0,0.0,0.0,0.0,0.0,215592.38103143405,875.0,0.0,0,91,9,0,0.0,0.91,0.09,"{'shore': 0, 'battery': 91, 'brown': 9}",18,57931.64698131535,0.0,57931.64698131535,0.0,1.0,0.0,0.0,46,92004.44720525295,0.0,92004.44720525295,0.0,0.8695652173913043,0.13043478260869565,0.0,16,29656.286844865805,875.0,30531.286844865805,0.0,0.8125,0.1875,0.109375,20,36000.0,0.0,36000.0,0.0,1.0,0.0,0.0
mechanism,U,battery_only,100,6,greedy,mechanism,battery_only,244343.7189215567,0.038049800001317635,,,ok,,,,,,,239143.7189215567,5200.0,0.0,0,80,20,0,0.0,0.8,0.2,"{'shore': 0, 'battery': 80, 'brown': 20}",18,61266.64561902547,0.0,61266.64561902547,0.0,0.9444444444444444,0.05555555555555555,0.0,46,96845.57064976405,2200.0,99045.57064976405,0.0,0.8260869565217391,0.17391304347826086,0.059782608695652176,16,27031.50265276717,3000.0,30031.50265276717,0.0,0.9375,0.0625,0.375,20,54000.0,0.0,54000.0,0.0,0.5,0.5,0.0
mechanism,U,battery_only,100,6,fifo,mechanism,battery_only,242347.10617047403,0.011259699997026473,,,ok,,,,,,,237547.10617047403,4800.0,0.0,0,81,19,0,0.0,0.81,0.19,"{'shore': 0, 'battery': 81, 'brown': 19}",18,61266.64561902547,0.0,61266.64561902547,0.0,0.9444444444444444,0.05555555555555555,0.0,46,95248.95789868142,2800.0,98048.95789868142,0.0,0.8478260869565217,0.15217391304347827,0.07608695652173914,16,27031.50265276717,2000.0,29031.50265276717,0.0,0.9375,0.0625,0.25,20,54000.0,0.0,54000.0,0.0,0.5,0.5,0.0
mechanism,U,battery_only,100,7,cg,mechanism,battery_only,224952.51997756158,0.57819090000703,0.0,,ok,,1.0,0.0,0.0,0.0,0.0,223152.51997756158,1800.0,0.0,0,89,11,0,0.0,0.89,0.11,"{'shore': 0, 'battery': 89, 'brown': 11}",21,65953.43916278282,0.0,65953.43916278282,0.0,1.0,0.0,0.0,54,107588.66509573285,1800.0,109388.66509573285,0.0,0.8888888888888888,0.1111111111111111,0.041666666666666664,10,22610.415719045952,0.0,22610.415719045952,0.0,0.5,0.5,0.0,15,27000.0,0.0,27000.0,0.0,1.0,0.0,0.0
mechanism,U,battery_only,100,7,greedy,mechanism,battery_only,262078.90881062316,0.03699970000889152,,,ok,,,,,,,251353.90881062316,10725.0,0.0,0,79,21,0,0.0,0.79,0.21,"{'shore': 0, 'battery': 79, 'brown': 21}",21,79492.92679826311,2500.0,81992.92679826311,0.0,0.8095238095238095,0.19047619047619047,0.05952380952380952,54,109988.84783680354,6600.0,116588.84783680354,0.0,0.8888888888888888,0.1111111111111111,0.1527777777777778,10,16872.13417555656,1625.0,18497.13417555656,0.0,0.9,0.1,0.325,15,45000.0,0.0,45000.0,0.0,0.3333333333333333,0.6666666666666666,0.0
mechanism,U,battery_only,100,7,fifo,mechanism,battery_only,260128.90881062322,0.011123399977805093,,,ok,,,,,,,251353.90881062322,8775.0,0.0,0,79,21,0,0.0,0.79,0.21,"{'shore': 0, 'battery': 79, 'brown': 21}",21,79492.92679826311,2500.0,81992.92679826311,0.0,0.8095238095238095,0.19047619047619047,0.05952380952380952,54,109988.84783680354,5400.0,115388.84783680354,0.0,0.8888888888888888,0.1111111111111111,0.125,10,16872.13417555656,875.0,17747.13417555656,0.0,0.9,0.1,0.175,15,45000.0,0.0,45000.0,0.0,0.3333333333333333,0.6666666666666666,0.0
mechanism,U,battery_only,100,8,cg,mechanism,battery_only,222966.14465012844,0.6142511000216473,0.0,,ok,,1.0,0.0,0.0,0.0,0.0,221866.14465012844,1100.0,0.0,0,88,12,0,0.0,0.88,0.12,"{'shore': 0, 'battery': 88, 'brown': 12}",19,60155.62331242125,500.0,60655.62331242125,0.0,1.0,0.0,0.013157894736842105,61,120588.7437941007,600.0,121188.7437941007,0.0,0.8852459016393442,0.11475409836065574,0.012295081967213115,9,21321.777543606502,0.0,21321.777543606502,0.0,0.4444444444444444,0.5555555555555556,0.0,11,19800.0,0.0,19800.0,0.0,1.0,0.0,0.0
mechanism,U,battery_only,100,8,greedy,mechanism,battery_only,255166.71086210743,0.05748209997545928,,,ok,,,,,,,249216.71086210743,5950.0,0.0,0,78,22,0,0.0,0.78,0.22,"{'shore': 0, 'battery': 78, 'brown': 22}",19,73033.5749670591,2500.0,75533.5749670591,0.0,0.7894736842105263,0.21052631578947367,0.06578947368421052,61,131595.15496040846,2200.0,133795.15496040846,0.0,0.8032786885245902,0.19672131147540983,0.045081967213114756,9,13987.98093463991,1250.0,15237.98093463991,0.0,1.0,0.0,0.2777777777777778,11,30600.0,0.0,30600.0,0.0,0.45454545454545453,0.5454545454545454,0.0
mechanism,U,battery_only,100,8,fifo,mechanism,battery_only,253337.74073784892,0.011517000006278977,,,ok,,,,,,,247137.74073784892,6200.0,0.0,0,79,21,0,0.0,0.79,0.21,"{'shore': 0, 'battery': 79, 'brown': 21}",19,73033.5749670591,1000.0,74033.5749670591,0.0,0.7894736842105263,0.21052631578947367,0.02631578947368421,61,129516.1848361499,3200.0,132716.1848361499,0.0,0.819672131147541,0.18032786885245902,0.06557377049180328,9,13987.98093463991,2000.0,15987.98093463991,0.0,1.0,0.0,0.4444444444444444,11,30600.0,0.0,30600.0,0.0,0.45454545454545453,0.5454545454545454,0.0
mechanism,U,battery_only,100,9,cg,mechanism,battery_only,218355.67776041207,0.5478442999883555,0.0,,ok,,1.0,0.0,0.0,0.0,0.0,216805.67776041207,1550.0,0.0,0,89,11,0,0.0,0.89,0.11,"{'shore': 0, 'battery': 89, 'brown': 11}",19,59157.0456578673,0.0,59157.0456578673,0.0,1.0,0.0,0.0,43,85225.87869017354,800.0,86025.87869017354,0.0,0.8837209302325582,0.11627906976744186,0.023255813953488372,24,47222.75341237128,750.0,47972.75341237128,0.0,0.75,0.25,0.0625,14,25200.0,0.0,25200.0,0.0,1.0,0.0,0.0
mechanism,U,battery_only,100,9,greedy,mechanism,battery_only,254886.49256713246,0.03261589998146519,,,ok,,,,,,,246886.49256713246,8000.0,0.0,0,76,24,0,0.0,0.76,0.24,"{'shore': 0, 'battery': 76, 'brown': 24}",19,68776.46894053445,0.0,68776.46894053445,0.0,0.8421052631578947,0.15789473684210525,0.0,43,95130.25026510727,3000.0,98130.25026510727,0.0,0.7674418604651163,0.23255813953488372,0.0872093023255814,24,43379.77336149075,3500.0,46879.77336149075,0.0,0.875,0.125,0.2916666666666667,14,39600.0,1500.0,41100.0,0.0,0.42857142857142855,0.5714285714285714,0.07142857142857142
mechanism,U,battery_only,100,9,fifo,mechanism,battery_only,254518.37324275495,0.010450700006913394,,,ok,,,,,,,245118.37324275495,9400.0,0.0,0,77,23,0,0.0,0.77,0.23,"{'shore': 0, 'battery': 77, 'brown': 23}",19,68776.46894053445,500.0,69276.46894053445,0.0,0.8421052631578947,0.15789473684210525,0.013157894736842105,43,95130.25026510727,3400.0,98530.25026510727,0.0,0.7674418604651163,0.23255813953488372,0.09883720930232558,24,41611.65403711323,4750.0,46361.65403711323,0.0,0.9166666666666666,0.08333333333333333,0.3958333333333333,14,39600.0,750.0,40350.0,0.0,0.42857142857142855,0.5714285714285714,0.03571428571428571
mechanism,U,battery_only,100,10,cg,mechanism,battery_only,217135.72624548926,0.5754492999985814,0.0,,ok,,1.0,0.0,0.0,0.0,0.0,216210.72624548926,925.0,0.0,0,89,11,0,0.0,0.89,0.11,"{'shore': 0, 'battery': 89, 'brown': 11}",18,56432.35545265965,0.0,56432.35545265965,0.0,1.0,0.0,0.0,54,107496.44091830902,800.0,108296.44091830902,0.0,0.8703703703703703,0.12962962962962962,0.018518518518518517,18,34281.92987452057,125.0,34406.92987452057,0.0,0.7777777777777778,0.2222222222222222,0.013888888888888888,10,18000.0,0.0,18000.0,0.0,1.0,0.0,0.0
mechanism,U,battery_only,100,10,greedy,mechanism,battery_only,252478.93305131517,0.03407870000228286,,,ok,,,,,,,241253.93305131517,11225.0,0.0,0,80,20,0,0.0,0.8,0.2,"{'shore': 0, 'battery': 80, 'brown': 20}",18,65579.29999658906,5500.0,71079.29999658906,0.0,0.8333333333333334,0.16666666666666666,0.1527777777777778,54,116783.46875880855,1600.0,118383.46875880855,0.0,0.8148148148148148,0.18518518518518517,0.037037037037037035,18,31891.164295917435,3000.0,34891.164295917435,0.0,0.8888888888888888,0.1111111111111111,0.3333333333333333,10,27000.0,1125.0,28125.0,0.0,0.5,0.5,0.075
mechanism,U,battery_only,100,10,fifo,mechanism,battery_only,248727.81861730615,0.0108215999789536,,,ok,,,,,,,239627.81861730615,9100.0,0.0,0,81,19,0,0.0,0.81,0.19,"{'shore': 0, 'battery': 81, 'brown': 19}",18,65579.29999658906,2500.0,68079.29999658906,0.0,0.8333333333333334,0.16666666666666666,0.06944444444444445,54,116783.46875880855,2600.0,119383.46875880855,0.0,0.8148148148148148,0.18518518518518517,0.06018518518518518,18,30265.049861908425,4000.0,34265.049861908425,0.0,0.9444444444444444,0.05555555555555555,0.4444444444444444,10,27000.0,0.0,27000.0,0.0,0.5,0.5,0.0
mechanism,U,shore_only,100,1,cg,mechanism,shore_only,347660.03384633636,7.971786800015252,0.0,,ok,,1.0,0.0,0.0,0.0,0.0,347660.03384633636,0.0,1.0,12,0,88,0,0.12,0.0,0.88,"{'shore': 12, 'battery': 0, 'brown': 88}",19,92842.62483828448,0.0,92842.62483828448,0.2631578947368421,0.0,0.7368421052631579,0.0,48,145585.13923275995,0.0,145585.13923275995,0.14583333333333334,0.0,0.8541666666666666,0.0,19,58832.26977529203,0.0,58832.26977529203,0.0,0.0,1.0,0.0,14,50400.0,0.0,50400.0,0.0,0.0,1.0,0.0
mechanism,U,shore_only,100,1,greedy,mechanism,shore_only,353958.22441513464,0.031686200003605336,,,ok,,,,,,,347758.22441513464,6200.0,1.0,16,0,84,0,0.16,0.0,0.84,"{'shore': 16, 'battery': 0, 'brown': 84}",19,118300.47391405412,0.0,118300.47391405412,0.0,0.0,1.0,0.0,48,120225.48072578842,6200.0,126425.48072578842,0.3333333333333333,0.0,0.6666666666666666,0.16145833333333334,19,58832.26977529203,0.0,58832.26977529203,0.0,0.0,1.0,0.0,14,50400.0,0.0,50400.0,0.0,0.0,1.0,0.0
mechanism,U,shore_only,100,1,fifo,mechanism,shore_only,359472.4104548897,0.024322899989783764,,,ok,,,,,,,346472.4104548897,13000.0,1.0,17,0,83,0,0.17,0.0,0.83,"{'shore': 17, 'battery': 0, 'brown': 83}",19,118300.47391405412,0.0,118300.47391405412,0.0,0.0,1.0,0.0,48,118939.66676554349,13000.0,131939.6667655435,0.3541666666666667,0.0,0.6458333333333334,0.3385416666666667,19,58832.26977529203,0.0,58832.26977529203,0.0,0.0,1.0,0.0,14,50400.0,0.0,50400.0,0.0,0.0,1.0,0.0
mechanism,U,shore_only,100,2,cg,mechanism,shore_only,372177.14336459094,8.89537719998043,0.0,,ok,,1.0,0.0,0.0,0.0,0.0,372177.14336459094,0.0,1.0,11,0,89,0,0.11,0.0,0.89,"{'shore': 11, 'battery': 0, 'brown': 89}",23,120584.91978489014,0.0,120584.91978489014,0.21739130434782608,0.0,0.782608695652174,0.0,53,169796.53876946843,0.0,169796.53876946843,0.11320754716981132,0.0,0.8867924528301887,0.0,12,38595.68481023244,0.0,38595.68481023244,0.0,0.0,1.0,0.0,12,43200.0,0.0,43200.0,0.0,0.0,1.0,0.0
mechanism,U,shore_only,100,2,greedy,mechanism,shore_only,381695.4946440002,0.035096800012979656,,,ok,,,,,,,373095.4946440002,8600.0,1.0,13,0,87,0,0.13,0.0,0.87,"{'shore': 13, 'battery': 0, 'brown': 87}",23,136376.77533829943,3000.0,139376.77533829943,0.08695652173913043,0.0,0.9130434782608695,0.06521739130434782,53,154923.0344954683,5600.0,160523.0344954683,0.20754716981132076,0.0,0.7924528301886793,0.1320754716981132,12,38595.68481023244,0.0,38595.68481023244,0.0,0.0,1.0,0.0,12,43200.0,0.0,43200.0,0.0,0.0,1.0,0.0
mechanism,U,shore_only,100,2,fifo,mechanism,shore_only,384763.7645454564,0.026647799997590482,,,ok,,,,,,,372663.76454545633,12100.0,1.0,13,0,87,0,0.13,0.0,0.87,"{'shore': 13, 'battery': 0, 'brown': 87}",23,136479.37350136254,2500.0,138979.37350136254,0.08695652173913043,0.0,0.9130434782608695,0.05434782608695652,53,154388.7062338614,9600.0,163988.7062338614,0.20754716981132076,0.0,0.7924528301886793,0.22641509433962265,12,38595.68481023244,0.0,38595.68481023244,0.0,0.0,1.0,0.0,12,43200.0,0.0,43200.0,0.0,0.0,1.0,0.0
mechanism,U,shore_only,100,3,cg,mechanism,shore_only,355028.1876349753,7.674427199992351,0.0,,ok,,1.0,0.0,0.0,0.0,0.0,355028.1876349753,0.0,1.0,14,0,86,0,0.14,0.0,0.86,"{'shore': 14, 'battery': 0, 'brown': 86}",19,101292.08450550117,0.0,101292.08450550117,0.15789473684210525,0.0,0.8421052631578947,0.0,51,156433.00777480743,0.0,156433.00777480743,0.19607843137254902,0.0,0.803921568627451,0.0,18,57103.09535466676,0.0,57103.09535466676,0.0,0.0,1.0,0.0,12,40200.0,0.0,40200.0,0.08333333333333333,0.0,0.9166666666666666,0.0
mechanism,U,shore_only,100,3,greedy,mechanism,shore_only,365193.26425040624,0.03213880001567304,,,ok,,,,,,,356393.26425040624,8800.0,1.0,14,0,86,0,0.14,0.0,0.86,"{'shore': 14, 'battery': 0, 'brown': 86}",19,106271.60220572689,0.0,106271.60220572689,0.10526315789473684,0.0,0.8947368421052632,0.0,51,155818.56669001246,8800.0,164618.56669001246,0.19607843137254902,0.0,0.803921568627451,0.21568627450980393,18,57103.09535466676,0.0,57103.09535466676,0.0,0.0,1.0,0.0,12,37200.0,0.0,37200.0,0.16666666666666666,0.0,0.8333333333333334,0.0
mechanism,U,shore_only,100,3,fifo,mechanism,shore_only,366699.3576972875,0.023866200004704297,,,ok,,,,,,,353524.3576972875,13175.0,1.0,15,0,85,0,0.15,0.0,0.85,"{'shore': 15, 'battery': 0, 'brown': 85}",19,101490.96075325216,2000.0,103490.96075325216,0.15789473684210525,0.0,0.8421052631578947,0.05263157894736842,51,157730.30158936844,10800.0,168530.30158936844,0.19607843137254902,0.0,0.803921568627451,0.2647058823529412,18,57103.09535466676,0.0,57103.09535466676,0.0,0.0,1.0,0.0,12,37200.0,375.0,37575.0,0.16666666666666666,0.0,0.8333333333333334,0.020833333333333332
mechanism,U,shore_only,100,4,cg,mechanism,shore_only,345250.5592508633,8.616764100006549,0.0,,ok,,1.0,0.0,0.0,0.0,0.0,345250.5592508633,0.0,1.0,12,0,88,0,0.12,0.0,0.88,"{'shore': 12, 'battery': 0, 'brown': 88}",14,66407.51730301444,0.0,66407.51730301444,0.2857142857142857,0.0,0.7142857142857143,0.0,56,178920.76074105053,0.0,178920.76074105053,0.125,0.0,0.875,0.0,10,30922.28120679865,0.0,30922.28120679865,0.0,0.0,1.0,0.0,20,69000.0,0.0,69000.0,0.05,0.0,0.95,0.0
mechanism,U,shore_only,100,4,greedy,mechanism,shore_only,356345.8092195997,0.03512909999699332,,,ok,,,,,,,343945.80921959976,12400.0,1.0,16,0,84,0,0.16,0.0,0.84,"{'shore': 16, 'battery': 0, 'brown': 84}",14,83689.2489967374,0.0,83689.2489967374,0.07142857142857142,0.0,0.9285714285714286,0.0,56,160334.27901606384,12400.0,172734.27901606384,0.25,0.0,0.75,0.2767857142857143,10,30922.28120679865,0.0,30922.28120679865,0.0,0.0,1.0,0.0,20,69000.0,0.0,69000.0,0.05,0.0,0.95,0.0
mechanism,U,shore_only,100,4,fifo,mechanism,shore_only,357228.29620669526,0.026520399987930432,,,ok,,,,,,,342628.29620669526,14600.0,1.0,17,0,83,0,0.17,0.0,0.83,"{'shore': 17, 'battery': 0, 'brown': 83}",14,83689.2489967374,0.0,83689.2489967374,0.07142857142857142,0.0,0.9285714285714286,0.0,56,162016.76600315925,14600.0,176616.76600315925,0.25,0.0,0.75,0.32589285714285715,10,30922.28120679865,0.0,30922.28120679865,0.0,0.0,1.0,0.0,20,66000.0,0.0,66000.0,0.1,0.0,0.9,0.0
mechanism,U,shore_only,100,5,cg,mechanism,shore_only,351247.41719611204,7.213888099999167,0.0,,ok,,1.0,0.0,0.0,0.0,0.0,351247.41719611204,0.0,1.0,13,0,87,0,0.13,0.0,0.87,"{'shore': 13, 'battery': 0, 'brown': 87}",17,88504.6035111149,0.0,88504.6035111149,0.23529411764705882,0.0,0.7647058823529411,0.0,50,151267.6313991775,0.0,151267.6313991775,0.18,0.0,0.82,0.0,17,53875.182285819574,0.0,53875.182285819574,0.0,0.0,1.0,0.0,16,57600.0,0.0,57600.0,0.0,0.0,1.0,0.0
mechanism,U,shore_only,100,5,greedy,mechanism,shore_only,360926.47445386637,0.049505399976624176,,,ok,,,,,,,351476.47445386637,9450.0,1.0,14,0,86,0,0.14,0.0,0.86,"{'shore': 14, 'battery': 0, 'brown': 86}",17,99134.13401019567,2500.0,101634.13401019567,0.11764705882352941,0.0,0.8823529411764706,0.07352941176470588,50,143867.15815785123,6200.0,150067.15815785123,0.22,0.0,0.78,0.155,17,53875.182285819574,0.0,53875.182285819574,0.0,0.0,1.0,0.0,16,54600.0,750.0,55350.0,0.0625,0.0,0.9375,0.03125
mechanism,U,shore_only,100,5,fifo,mechanism,shore_only,364595.01417397923,0.03958869999041781,,,ok,,,,,,,350145.01417397923,14450.0,1.0,14,0,86,0,0.14,0.0,0.86,"{'shore': 14, 'battery': 0, 'brown': 86}",17,97804.87116705757,3500.0,101304.87116705757,0.11764705882352941,0.0,0.8823529411764706,0.10294117647058823,50,143864.96072110214,10200.0,154064.96072110214,0.22,0.0,0.78,0.255,17,53875.182285819574,0.0,53875.182285819574,0.0,0.0,1.0,0.0,16,54600.0,750.0,55350.0,0.0625,0.0,0.9375,0.03125
mechanism,U,shore_only,100,6,cg,mechanism,shore_only,356658.5859327037,7.53147440002067,0.0,,ok,,1.0,0.0,0.0,0.0,0.0,356658.5859327037,0.0,1.0,14,0,86,0,0.14,0.0,0.86,"{'shore': 14, 'battery': 0, 'brown': 86}",18,95326.38874959423,0.0,95326.38874959423,0.2222222222222222,0.0,0.7777777777777778,0.0,46,141520.6988832236,0.0,141520.6988832236,0.1956521739130435,0.0,0.8043478260869565,0.0,16,50811.49829988606,0.0,50811.49829988606,0.0,0.0,1.0,0.0,20,69000.0,0.0,69000.0,0.05,0.0,0.95,0.0
mechanism,U,shore_only,100,6,greedy,mechanism,shore_only,365928.17653059866,0.03236149999429472,,,ok,,,,,,,358028.1765305987,7900.0,1.0,13,0,87,0,0.13,0.0,0.87,"{'shore': 13, 'battery': 0, 'brown': 87}",18,95719.08799006644,500.0,96219.08799006644,0.2222222222222222,0.0,0.7777777777777778,0.013888888888888888,46,148497.5902406461,7400.0,155897.5902406461,0.13043478260869565,0.0,0.8695652173913043,0.20108695652173914,16,50811.49829988606,0.0,50811.49829988606,0.0,0.0,1.0,0.0,20,63000.0,0.0,63000.0,0.15,0.0,0.85,0.0
mechanism,U,shore_only,100,6,fifo,mechanism,shore_only,370766.4110471949,0.025207700004102662,,,ok,,,,,,,357566.4110471949,13200.0,1.0,13,0,87,0,0.13,0.0,0.87,"{'shore': 13, 'battery': 0, 'brown': 87}",18,95266.0776315853,8000.0,103266.0776315853,0.2222222222222222,0.0,0.7777777777777778,0.2222222222222222,46,148488.8351157235,5200.0,153688.8351157235,0.13043478260869565,0.0,0.8695652173913043,0.14130434782608695,16,50811.49829988606,0.0,50811.49829988606,0.0,0.0,1.0,0.0,20,63000.0,0.0,63000.0,0.15,0.0,0.85,0.0
mechanism,U,shore_only,100,7,cg,mechanism,shore_only,369422.528273201,6.962594799988437,0.0,,ok,,1.0,0.0,0.0,0.0,0.0,369422.528273201,0.0,1.0,12,0,88,0,0.12,0.0,0.88,"{'shore': 12, 'battery': 0, 'brown': 88}",21,110935.0344338124,0.0,110935.0344338124,0.19047619047619047,0.0,0.8095238095238095,0.0,54,173556.3928540563,0.0,173556.3928540563,0.14814814814814814,0.0,0.8518518518518519,0.0,10,30931.100985332367,0.0,30931.100985332367,0.0,0.0,1.0,0.0,15,54000.0,0.0,54000.0,0.0,0.0,1.0,0.0
mechanism,U,shore_only,100,7,greedy,mechanism,shore_only,374311.9049471549,0.03206900000805035,,,ok,,,,,,,365911.9049471549,8400.0,1.0,14,0,86,0,0.14,0.0,0.86,"{'shore': 14, 'battery': 0, 'brown': 86}",21,116877.08512462271,0.0,116877.08512462271,0.14285714285714285,0.0,0.8571428571428571,0.0,54,164103.71883720005,8400.0,172503.71883720005,0.2037037037037037,0.0,0.7962962962962963,0.19444444444444445,10,30931.100985332367,0.0,30931.100985332367,0.0,0.0,1.0,0.0,15,54000.0,0.0,54000.0,0.0,0.0,1.0,0.0
mechanism,U,shore_only,100,7,fifo,mechanism,shore_only,375825.61621627933,0.04212830000324175,,,ok,,,,,,,367625.61621627933,8200.0,1.0,14,0,86,0,0.14,0.0,0.86,"{'shore': 14, 'battery': 0, 'brown': 86}",21,121746.94841973318,0.0,121746.94841973318,0.09523809523809523,0.0,0.9047619047619048,0.0,54,160947.56681121385,8200.0,169147.56681121385,0.2222222222222222,0.0,0.7777777777777778,0.18981481481481483,10,30931.100985332367,0.0,30931.100985332367,0.0,0.0,1.0,0.0,15,54000.0,0.0,54000.0,0.0,0.0,1.0,0.0
mechanism,U,shore_only,100,8,cg,mechanism,shore_only,364673.72079585266,7.650745199993253,0.0,,ok,,1.0,0.0,0.0,0.0,0.0,364673.72079585266,0.0,1.0,12,0,88,0,0.12,0.0,0.88,"{'shore': 12, 'battery': 0, 'brown': 88}",19,99323.17731685867,0.0,99323.17731685867,0.21052631578947367,0.0,0.7894736842105263,0.0,61,200774.58160971425,0.0,200774.58160971425,0.11475409836065574,0.0,0.8852459016393442,0.0,9,27975.96186927982,0.0,27975.96186927982,0.0,0.0,1.0,0.0,11,36600.0,0.0,36600.0,0.09090909090909091,0.0,0.9090909090909091,0.0
mechanism,U,shore_only,100,8,greedy,mechanism,shore_only,374593.68416084995,0.03459060000022873,,,ok,,,,,,,360793.68416085,13800.0,1.0,15,0,85,0,0.15,0.0,0.85,"{'shore': 15, 'battery': 0, 'brown': 85}",19,114677.20392573674,0.0,114677.20392573674,0.05263157894736842,0.0,0.9473684210526315,0.0,61,181540.5183658336,13800.0,195340.5183658336,0.21311475409836064,0.0,0.7868852459016393,0.2827868852459016,9,27975.96186927982,0.0,27975.96186927982,0.0,0.0,1.0,0.0,11,36600.0,0.0,36600.0,0.09090909090909091,0.0,0.9090909090909091,0.0
mechanism,U,shore_only,100,8,fifo,mechanism,shore_only,374510.202742156,0.02791050000814721,,,ok,,,,,,,364910.20274215593,9600.0,1.0,13,0,87,0,0.13,0.0,0.87,"{'shore': 13, 'battery': 0, 'brown': 87}",19,108831.31629733942,0.0,108831.31629733942,0.10526315789473684,0.0,0.8947368421052632,0.0,61,191502.92457553683,9600.0,201102.92457553683,0.16393442622950818,0.0,0.8360655737704918,0.19672131147540983,9,27975.96186927982,0.0,27975.96186927982,0.0,0.0,1.0,0.0,11,36600.0,0.0,36600.0,0.09090909090909091,0.0,0.9090909090909091,0.0
mechanism,U,shore_only,100,9,cg,mechanism,shore_only,355290.16098513495,5.890112399996724,0.0,,ok,,1.0,0.0,0.0,0.0,0.0,355290.16098513495,0.0,1.0,12,0,88,0,0.12,0.0,0.88,"{'shore': 12, 'battery': 0, 'brown': 88}",19,97199.31984516581,0.0,97199.31984516581,0.21052631578947367,0.0,0.7894736842105263,0.0,43,130537.98335916054,0.0,130537.98335916054,0.18604651162790697,0.0,0.813953488372093,0.0,24,77152.85778080871,0.0,77152.85778080871,0.0,0.0,1.0,0.0,14,50400.0,0.0,50400.0,0.0,0.0,1.0,0.0
mechanism,U,shore_only,100,9,greedy,mechanism,shore_only,368767.0804977071,0.027285799995297566,,,ok,,,,,,,353567.0804977072,15200.0,1.0,13,0,87,0,0.13,0.0,0.87,"{'shore': 13, 'battery': 0, 'brown': 87}",19,102243.26923091439,0.0,102243.26923091439,0.15789473684210525,0.0,0.8421052631578947,0.0,43,123770.953485984,15200.0,138970.953485984,0.23255813953488372,0.0,0.7674418604651163,0.4418604651162791,24,77152.85778080871,0.0,77152.85778080871,0.0,0.0,1.0,0.0,14,50400.0,0.0,50400.0,0.0,0.0,1.0,0.0
mechanism,U,shore_only,100,9,fifo,mechanism,shore_only,368767.0804977071,0.022430699988035485,,,ok,,,,,,,353567.0804977072,15200.0,1.0,13,0,87,0,0.13,0.0,0.87,"{'shore': 13, 'battery': 0, 'brown': 87}",19,102243.26923091439,0.0,102243.26923091439,0.15789473684210525,0.0,0.8421052631578947,0.0,43,123770.953485984,15200.0,138970.953485984,0.23255813953488372,0.0,0.7674418604651163,0.4418604651162791,24,77152.85778080871,0.0,77152.85778080871,0.0,0.0,1.0,0.0,14,50400.0,0.0,50400.0,0.0,0.0,1.0,0.0
mechanism,U,shore_only,100,10,cg,mechanism,shore_only,353345.8897285861,7.9659994000103325,0.0,,ok,,1.0,0.0,0.0,0.0,0.0,353345.8897285861,0.0,1.0,13,0,87,0,0.13,0.0,0.87,"{'shore': 13, 'battery': 0, 'brown': 87}",18,98257.9563069528,0.0,98257.9563069528,0.16666666666666666,0.0,0.8333333333333334,0.0,54,164970.7360382068,0.0,164970.7360382068,0.16666666666666666,0.0,0.8333333333333334,0.0,18,57117.197383426625,0.0,57117.197383426625,0.0,0.0,1.0,0.0,10,33000.0,0.0,33000.0,0.1,0.0,0.9,0.0
mechanism,U,shore_only,100,10,greedy,mechanism,shore_only,368176.75987864705,0.03158469998743385,,,ok,,,,,,,354176.759878647,14000.0,1.0,16,0,84,0,0.16,0.0,0.84,"{'shore': 16, 'battery': 0, 'brown': 84}",18,112864.7109053193,0.0,112864.7109053193,0.0,0.0,1.0,0.0,54,151194.85158990105,14000.0,165194.85158990105,0.2777777777777778,0.0,0.7222222222222222,0.32407407407407407,18,57117.197383426625,0.0,57117.197383426625,0.0,0.0,1.0,0.0,10,33000.0,0.0,33000.0,0.1,0.0,0.9,0.0
mechanism,U,shore_only,100,10,fifo,mechanism,shore_only,372956.9728613516,0.025865000003250316,,,ok,,,,,,,352256.9728613516,20700.0,1.0,15,0,85,0,0.15,0.0,0.85,"{'shore': 15, 'battery': 0, 'brown': 85}",18,107125.3889223349,4500.0,111625.3889223349,0.05555555555555555,0.0,0.9444444444444444,0.125,54,155014.38655559,16200.0,171214.38655559,0.24074074074074073,0.0,0.7592592592592593,0.375,18,57117.197383426625,0.0,57117.197383426625,0.0,0.0,1.0,0.0,10,33000.0,0.0,33000.0,0.1,0.0,0.9,0.0
