N,scenario,seed,method,status,error,obj,runtime_total,runtime_pricing,gap,gap_pct,lp_lower_bound,lp_obj_final_pool,irmp_obj,pool_gap_pct,min_reduced_cost_scanned_last,num_negative_columns_scanned_last,num_columns_added_last,min_reduced_cost_added_last,best_reduced_cost_last,num_negative_columns_last,num_columns_total,iterations,runtime_sec,cg_status,gap_type,full_pricing_converged,pricing_converged,objective_stabilized,relative_improvement_last_5,injected_columns_count,injected_incumbent_methods,min_reduced_cost,operation_mode,lp_status,ip_status,success,num_iters,num_pricing_calls,num_columns_added,n_columns_generated,min_reduced_cost_last,pricing_time_share,infeasible_jobs,cost_energy,cost_delay,type_A_count,type_A_cost_energy,type_A_cost_delay,type_A_cost_total,type_A_shore_ratio,type_A_battery_ratio,type_A_brown_ratio,type_A_avg_tardy_hours,type_B_count,type_B_cost_energy,type_B_cost_delay,type_B_cost_total,type_B_shore_ratio,type_B_battery_ratio,type_B_brown_ratio,type_B_avg_tardy_hours,type_C_count,type_C_cost_energy,type_C_cost_delay,type_C_cost_total,type_C_shore_ratio,type_C_battery_ratio,type_C_brown_ratio,type_C_avg_tardy_hours,type_D_count,type_D_cost_energy,type_D_cost_delay,type_D_cost_total,type_D_shore_ratio,type_D_battery_ratio,type_D_brown_ratio,type_D_avg_tardy_hours,num_fully_masked,num_partially_masked,avg_masking_rate,time_saved_total,avg_stay_time,num_fully_masked_type_A,num_partially_masked_type_A,avg_masking_rate_type_A,num_fully_masked_type_B,num_partially_masked_type_B,avg_masking_rate_type_B,num_fully_masked_type_C,num_partially_masked_type_C,avg_masking_rate_type_C,num_fully_masked_type_D,num_partially_masked_type_D,avg_masking_rate_type_D,mode_shore_count,mode_battery_count,mode_brown_count,SP_share,BS_share,AE_share,objective,total_cost,delay_cost,avg_stay_h,masking_rate,avg_delay_h
500,U,1,CG+IR,ok,,1698230.3318625223,96.02127619999736,8.141159000002517,3.703477371074146e-06,0.0003703477371074,1698224.0425049176,1698224.0425049176,1698230.3318625223,0.0003703477371074,-1459.482333518797,7412.0,73.0,-73.71065432964724,-1459.482333518797,7412.0,27796.0,20.0,96.02127619999736,budgeted_stabilized,Pool LP-IP gap,0.0,0.0,1.0,1.6406749095100963e-06,595.0,Greedy:500;FIFO:500,-1459.482333518797,simops,Optimal,Optimal,1.0,20.0,10000.0,27094.0,27796.0,-1459.482333518797,0.0847849489424172,0,1694205.3318625223,4025.0,101,356588.7142831021,0.0,356588.7142831021,0.0,0.8514851485148515,0.1485148514851485,0.0,255,860553.5811457515,1400.0,861953.5811457515,0.0588235294117647,0.0352941176470588,0.9058823529411764,0.0068627450980392,78,242463.03643366747,2625.0,245088.03643366747,0.0,0.0256410256410256,0.9743589743589745,0.0673076923076923,66,234600.0,0.0,234600.0,0.0151515151515151,0.0,0.9848484848484848,0.0,46,9,0.1017414404844581,75.08900980069886,14.718758380878691,39,4,0.4095274934554477,6,5,0.0333664447185445,0,0,0.0,1,0,0.0151515151515151,16,97,387,0.032,0.194,0.774,1698230.3318625223,1698230.3318625223,4025.0,14.718758380878691,0.1017414404844581,
500,U,1,Restricted-CG,ok,,1820074.4243074383,10.104135900000983,1.6373545999958878,0.0,0.0,1820074.4243074383,1820074.4243074383,1820074.4243074383,0.0,-6432.698995165512,19453.0,738.0,-6432.698995165512,-6432.698995165512,19453.0,6411.0,8.0,10.104135900000983,budgeted_max_iter,Pool LP-IP gap,0.0,0.0,0.0,0.0024961929182197,0.0,,-6432.698995165512,simops,Optimal,Optimal,1.0,8.0,2000.0,5911.0,6411.0,-6432.698995165512,0.1620479589942697,0,1785449.4243074383,34625.0,101,549774.1225263323,3000.0,552774.1225263323,0.0297029702970297,0.2079207920792079,0.7623762376237624,0.0148514851485148,255,803806.8236709118,26000.0,829806.8236709118,0.0313725490196078,0.2039215686274509,0.7647058823529411,0.1274509803921568,78,210468.47811019403,5625.0,216093.47811019403,0.0,0.282051282051282,0.717948717948718,0.1442307692307692,66,221400.0,0.0,221400.0,0.0454545454545454,0.0606060606060606,0.8939393939393939,0.0,48,9,0.1040750866427807,72.91214582316837,14.807051442267424,11,4,0.1295654442741693,24,2,0.0953999288768944,8,1,0.1038076073110102,5,2,0.0989008820580668,14,99,387,0.028,0.198,0.774,1820074.4243074383,1820074.4243074383,34625.0,14.807051442267424,0.1040750866427807,
500,U,1,Greedy,ok,,1824838.0606004605,0.4169161999998323,,,,,,,,,,,,,,,,0.4169161999998323,,,,,,,,,,,,,,,,,,,,0,1788213.0606004605,36625.0,101,550408.7267447427,5000.0,555408.7267447427,0.0396039603960396,0.1881188118811881,0.7722772277227723,0.0247524752475247,255,804735.8557455248,26000.0,830735.8557455248,0.0274509803921568,0.2078431372549019,0.7647058823529411,0.1274509803921568,78,210468.47811019403,5625.0,216093.47811019403,0.0,0.282051282051282,0.717948717948718,0.1442307692307692,66,222600.0,0.0,222600.0,0.0303030303030303,0.0757575757575757,0.8939393939393939,0.0,46,8,0.0987361833652746,72.95164161544037,14.81774956208552,9,4,0.109098853777565,24,2,0.0953999288768944,8,1,0.1038076073110102,5,1,0.0897747305641874,13,99,388,0.026,0.198,0.776,1824838.0606004605,1824838.0606004605,36625.0,14.81774956208552,0.0987361833652746,
500,U,1,FIFO,ok,,1826178.0361615631,0.2598617999974522,,,,,,,,,,,,,,,,0.2598617999974522,,,,,,,,,,,,,,,,,,,,0,1784003.036161563,42175.0,101,551763.9582106237,3500.0,555263.9582106237,0.0198019801980198,0.2178217821782178,0.7623762376237624,0.0173267326732673,255,805609.6923744684,25800.0,831409.6923744684,0.0392156862745098,0.188235294117647,0.7725490196078432,0.1264705882352941,78,207029.3855764716,11375.0,218404.3855764716,0.0,0.3076923076923077,0.6923076923076923,0.2916666666666667,66,219600.0,1500.0,221100.0,0.0454545454545454,0.0757575757575757,0.8787878787878788,0.0151515151515151,43,11,0.0959845239771734,61.0661879833543,14.873781806029973,10,4,0.1184990857602704,20,5,0.0866133498683149,9,0,0.1153846153846153,4,2,0.0748098501572589,15,99,386,0.03,0.198,0.772,1826178.0361615631,1826178.0361615631,42175.0,14.873781806029973,0.0959845239771734,
500,U,1,Rolling-Horizon,ok,,1821259.0425822933,78.35202389999904,,,,,,,,,,,,,,,,78.35202389999904,,,,,,,,,,,,,1.0,,,,,,,0,1792409.0425822935,28850.0,101,550448.0840291578,1000.0,551448.0840291578,0.0099009900990099,0.2376237623762376,0.7524752475247525,0.0049504950495049,255,808819.5388772435,21600.0,830419.5388772435,0.0431372549019607,0.1725490196078431,0.7843137254901961,0.1058823529411764,78,212341.41967589257,6250.0,218591.41967589257,0.0,0.2692307692307692,0.7307692307692307,0.1602564102564102,66,220800.0,0.0,220800.0,0.0303030303030303,0.0909090909090909,0.8787878787878788,0.0,35,10,0.0772852242047895,53.767587426986935,14.904420650684951,6,3,0.0729004624841935,20,5,0.0841103211994804,5,1,0.069619573122976,4,1,0.0666849512429031,14,95,391,0.028,0.19,0.782,1821259.0425822933,1821259.0425822933,28850.0,14.904420650684951,0.0772852242047895,
500,U,1,Fix-and-Optimize,ok,,1812962.492440226,54.80342119999841,,,,,,,,,,,,,,,,54.80342119999841,,,,,,,,,,,,,1.0,,,,,,,0,1776212.492440226,36750.0,101,541348.2145544793,6000.0,547348.2145544793,0.0099009900990099,0.2673267326732673,0.7227722772277227,0.0297029702970297,255,801333.1360736345,26000.0,827333.1360736345,0.0470588235294117,0.1843137254901961,0.7686274509803922,0.1274509803921568,78,212131.14181211207,4750.0,216881.14181211207,0.0,0.2692307692307692,0.7307692307692307,0.1217948717948717,66,221400.0,0.0,221400.0,0.0454545454545454,0.0606060606060606,0.8939393939393939,0.0,43,7,0.090816949479228,59.74857213445192,14.849203421794767,10,2,0.1091522318979859,20,4,0.0838109075481361,9,0,0.1153846153846153,4,1,0.0607926953506472,16,99,385,0.032,0.198,0.77,1812962.492440226,1812962.492440226,36750.0,14.849203421794767,0.090816949479228,
500,U,2,CG+IR,ok,,1695077.5184917792,95.27735140000004,8.107360000005428,3.2052198370089206e-06,0.0003205219837008,1695072.0853956917,1695072.0853956917,1695077.5184917792,0.0003205219837008,-1402.3580326814051,6062.0,352.0,-138.85944105294675,-1402.3580326814051,6062.0,28546.0,20.0,95.27735140000004,budgeted_stabilized,Pool LP-IP gap,0.0,0.0,1.0,2.378264107076568e-05,599.0,Greedy:500;FIFO:500,-1402.3580326814051,simops,Optimal,Optimal,1.0,20.0,10000.0,27839.0,28546.0,-1402.3580326814051,0.0850922058692473,0,1692202.5184917792,2875.0,105,366847.8881771466,0.0,366847.8881771466,0.0095238095238095,0.8571428571428571,0.1333333333333333,0.0,248,834888.142094403,1000.0,835888.142094403,0.0604838709677419,0.0241935483870967,0.9153225806451613,0.0050403225806451,75,231266.4882202293,1875.0,233141.4882202293,0.0,0.0266666666666666,0.9733333333333334,0.05,72,259200.0,0.0,259200.0,0.0,0.0,1.0,0.0,50,6,0.1050858534283735,71.10578915722789,14.641082167284416,44,2,0.4246428092044126,6,4,0.0320783538214654,0,0,0.0,0,0,0.0,16,98,386,0.032,0.196,0.772,1695077.5184917792,1695077.5184917792,2875.0,14.641082167284416,0.1050858534283735,
500,U,2,Restricted-CG,ok,,1831095.4129799544,7.271759100000054,1.2478384999994887,0.0,0.0,1831095.4129799567,1831095.4129799567,1831095.4129799544,0.0,-7619.542551723389,27623.0,747.0,-7619.542551723389,-7619.542551723389,27623.0,4953.0,6.0,7.271759100000054,budgeted_stabilized,Pool LP-IP gap,0.0,0.0,1.0,0.0,0.0,,-7619.542551723389,simops,Optimal,Optimal,1.0,6.0,1500.0,4453.0,4953.0,-7619.542551723389,0.1716006378703441,0,1792295.4129799542,38800.0,105,596483.3912861521,10500.0,606983.3912861521,0.0095238095238095,0.1714285714285714,0.819047619047619,0.05,248,751424.5403047763,20800.0,772224.5403047763,0.0564516129032258,0.2137096774193548,0.7298387096774194,0.1048387096774193,75,200787.4813890257,6750.0,207537.4813890257,0.0,0.28,0.72,0.18,72,243600.0,750.0,244350.0,0.0138888888888888,0.0972222222222222,0.8888888888888888,0.0069444444444444,49,7,0.1063064185963051,77.09813328895582,14.780661877530331,9,0,0.0857142857142857,24,6,0.1130047895078685,11,0,0.1466666666666666,5,1,0.0712225208361273,16,99,385,0.032,0.198,0.77,1831095.4129799544,1831095.4129799544,38800.0,14.780661877530331,0.1063064185963051,
500,U,2,Greedy,ok,,1831095.412979955,0.410686800001713,,,,,,,,,,,,,,,,0.410686800001713,,,,,,,,,,,,,,,,,,,,0,1792295.4129799549,38800.0,105,596483.3912861521,10500.0,606983.3912861521,0.0095238095238095,0.1714285714285714,0.819047619047619,0.05,248,751424.5403047763,20800.0,772224.5403047763,0.0564516129032258,0.2137096774193548,0.7298387096774194,0.1048387096774193,75,200787.4813890257,6750.0,207537.4813890257,0.0,0.28,0.72,0.18,72,243600.0,750.0,244350.0,0.0138888888888888,0.0972222222222222,0.8888888888888888,0.0069444444444444,48,7,0.1043064185963051,76.34813328895582,14.786618575138537,8,0,0.0761904761904762,24,6,0.1130047895078685,11,0,0.1466666666666666,5,1,0.0712225208361273,16,99,385,0.032,0.198,0.77,1831095.412979955,1831095.412979955,38800.0,14.786618575138537,0.1043064185963051,
500,U,2,FIFO,ok,,1837984.216554541,0.26074570000128,,,,,,,,,,,,,,,,0.26074570000128,,,,,,,,,,,,,,,,,,,,0,1791334.2165545414,46650.0,105,596927.9702964764,11500.0,608427.9702964764,0.0095238095238095,0.1714285714285714,0.819047619047619,0.0547619047619047,248,751395.297794734,26400.0,777795.297794734,0.0524193548387096,0.2217741935483871,0.7258064516129032,0.1330645161290322,75,200610.9484633302,8000.0,208610.9484633302,0.0,0.28,0.72,0.2133333333333333,72,242400.0,750.0,243150.0,0.0277777777777777,0.0833333333333333,0.8888888888888888,0.0069444444444444,48,3,0.0985335805724193,68.28360880903833,14.84127238521631,9,0,0.0857142857142857,22,3,0.0938177027669745,11,0,0.1466666666666666,6,0,0.0833333333333333,16,100,384,0.032,0.2,0.768,1837984.216554541,1837984.216554541,46650.0,14.84127238521631,0.0985335805724193,
500,U,2,Rolling-Horizon,ok,,1828212.454058649,79.67794510000022,,,,,,,,,,,,,,,,79.67794510000022,,,,,,,,,,,,,1.0,,,,,,,0,1797362.454058649,30850.0,105,593875.69208552,8500.0,602375.69208552,0.0095238095238095,0.1809523809523809,0.8095238095238095,0.0404761904761904,248,759752.163615966,16600.0,776352.163615966,0.0483870967741935,0.2096774193548387,0.7419354838709677,0.0836693548387096,75,202534.5983571631,5750.0,208284.5983571631,0.0,0.2666666666666666,0.7333333333333333,0.1533333333333333,72,241200.0,0.0,241200.0,0.0416666666666666,0.0694444444444444,0.8888888888888888,0.0,34,9,0.0755213206380475,53.80636908298571,14.826009972290445,7,1,0.0744126484810791,15,5,0.0671704789832936,8,1,0.1110919001322138,4,2,0.0688494573713554,16,96,388,0.032,0.192,0.776,1828212.454058649,1828212.454058649,30850.0,14.826009972290445,0.0755213206380475,
500,U,2,Fix-and-Optimize,ok,,1814044.824957564,56.88891969999895,,,,,,,,,,,,,,,,56.88891969999895,,,,,,,,,,,,,1.0,,,,,,,0,1791419.824957564,22625.0,105,593656.9262100213,4500.0,598156.9262100213,0.0095238095238095,0.1809523809523809,0.8095238095238095,0.0214285714285714,248,751575.4173585171,13000.0,764575.4173585171,0.0564516129032258,0.2137096774193548,0.7298387096774194,0.0655241935483871,75,200787.4813890257,5125.0,205912.4813890257,0.0,0.28,0.72,0.1366666666666666,72,245400.0,0.0,245400.0,0.0138888888888888,0.0833333333333333,0.9027777777777778,0.0,49,6,0.1037643829912987,72.86300918533888,14.75366510495416,8,0,0.0761904761904762,24,6,0.1083959334501991,11,0,0.1466666666666666,6,0,0.0833333333333333,16,99,385,0.032,0.198,0.77,1814044.824957564,1814044.824957564,22625.0,14.75366510495416,0.1037643829912987,
500,U,3,CG+IR,ok,,1688407.1853326554,95.35074910000183,8.061117100001866,0.0,0.0,1688407.1853326557,1688407.1853326557,1688407.1853326554,0.0,-1416.4654840572175,3538.0,112.0,-22.24463414076763,-1416.4654840572175,3538.0,27134.0,20.0,95.35074910000183,budgeted_stabilized,Pool LP-IP gap,0.0,0.0,1.0,0.0,596.0,Greedy:500;FIFO:500,-1416.4654840572175,simops,Optimal,Optimal,1.0,20.0,10000.0,26433.0,27134.0,-1416.4654840572175,0.0845417280523673,0,1682207.1853326554,6200.0,97,326898.20946538216,1000.0,327898.20946538216,0.0103092783505154,0.8865979381443299,0.1030927835051546,0.0051546391752577,258,870993.8807422114,2200.0,873193.8807422114,0.0542635658914728,0.0271317829457364,0.9186046511627908,0.0106589147286821,79,246715.09512506143,3000.0,249715.09512506143,0.0,0.0253164556962025,0.9746835443037974,0.0759493670886076,66,237600.0,0.0,237600.0,0.0,0.0,1.0,0.0,42,12,0.0940535056032963,69.7166303059991,14.665744209775667,37,5,0.3972335844092489,5,7,0.0329267252478722,0,0,0.0,0,0,0.0,15,95,390,0.03,0.19,0.78,1688407.1853326554,1688407.1853326554,6200.0,14.665744209775667,0.0940535056032963,
500,U,3,Restricted-CG,ok,,1806960.541741979,7.509310599998571,1.211409300001833,0.0002583001641401,0.0258300164140143,1806493.8035374524,1806493.8035374524,1806960.541741979,0.0258300164140143,-9229.5644922114,23548.0,737.0,-9229.5644922114,-9229.5644922114,23548.0,4904.0,6.0,7.509310599998571,budgeted_max_iter,Pool LP-IP gap,0.0,0.0,0.0,4.633062593336263e-15,0.0,,-9229.5644922114,simops,Optimal,Optimal,1.0,6.0,1500.0,4404.0,4904.0,-9229.5644922114,0.1613209739922148,0,1775060.541741979,31900.0,97,528703.8326599132,6000.0,534703.8326599132,0.0103092783505154,0.2268041237113402,0.7628865979381443,0.0309278350515463,258,799420.0054221791,20400.0,819820.0054221791,0.0503875968992248,0.189922480620155,0.7596899224806202,0.0988372093023255,79,216536.7036598865,5125.0,221661.7036598865,0.0,0.2784810126582278,0.7215189873417721,0.1297468354430379,66,230400.0,375.0,230775.0,0.0,0.0606060606060606,0.9393939393939394,0.0037878787878787,53,9,0.1155891250093829,72.83576679267759,14.702556794505762,15,0,0.1546391752577319,24,8,0.1083496497425336,12,1,0.1625361122926301,2,0,0.0303030303030303,14,97,389,0.028,0.194,0.778,1806960.541741979,1806960.541741979,31900.0,14.702556794505762,0.1155891250093829,
500,U,3,Greedy,ok,,1809149.5641770512,0.4192247999999381,,,,,,,,,,,,,,,,0.4192247999999381,,,,,,,,,,,,,,,,,,,,0,1777249.5641770514,31900.0,97,532275.2677275909,6000.0,538275.2677275909,0.0103092783505154,0.2164948453608247,0.7731958762886598,0.0309278350515463,258,799420.0054221791,20400.0,819820.0054221791,0.0503875968992248,0.189922480620155,0.7596899224806202,0.0988372093023255,79,215154.29102728248,5125.0,220279.29102728248,0.0,0.2911392405063291,0.7088607594936709,0.1297468354430379,66,230400.0,375.0,230775.0,0.0,0.0606060606060606,0.9393939393939394,0.0037878787878787,52,9,0.1135891250093829,72.08576679267759,14.705113692172423,14,0,0.1443298969072164,24,8,0.1083496497425336,12,1,0.1625361122926301,2,0,0.0303030303030303,14,97,389,0.028,0.194,0.778,1809149.5641770512,1809149.5641770512,31900.0,14.705113692172423,0.1135891250093829,
500,U,3,FIFO,ok,,1823089.902423904,0.2829916999980923,,,,,,,,,,,,,,,,0.2829916999980923,,,,,,,,,,,,,,,,,,,,0,1778164.902423903,44925.0,97,536578.811277829,8500.0,545078.811277829,0.0206185567010309,0.1855670103092783,0.7938144329896907,0.0438144329896907,258,796149.0463289961,29800.0,825949.0463289961,0.0465116279069767,0.2015503875968992,0.751937984496124,0.1443798449612403,79,215037.0448170789,6625.0,221662.0448170789,0.0,0.2911392405063291,0.7088607594936709,0.1677215189873417,66,230400.0,0.0,230400.0,0.0,0.0606060606060606,0.9393939393939394,0.0,48,8,0.1018665184549327,65.54680603108336,14.760178100277518,13,1,0.1378135482085978,21,6,0.0911904382885464,12,0,0.1518987341772152,2,1,0.030881999587688,14,97,389,0.028,0.194,0.778,1823089.902423904,1823089.902423904,44925.0,14.760178100277518,0.1018665184549327,
500,U,3,Rolling-Horizon,ok,,1819148.4603984903,77.17989540000053,,,,,,,,,,,,,,,,77.17989540000053,,,,,,,,,,,,,1.0,,,,,,,0,1782848.4603984903,36300.0,97,532553.3470697914,7500.0,540053.3470697914,0.0206185567010309,0.1958762886597938,0.7835051546391752,0.0386597938144329,258,805222.9736767495,22800.0,828022.9736767495,0.0465116279069767,0.1860465116279069,0.7674418604651163,0.1104651162790697,79,216472.13965194955,4875.0,221347.13965194955,0.0,0.2784810126582278,0.7215189873417721,0.1234177215189873,66,228600.0,1125.0,229725.0,0.0,0.0757575757575757,0.9242424242424242,0.0113636363636363,40,9,0.0890055257971734,60.76722980472655,14.777214179750828,9,2,0.106216269252426,24,5,0.1013410886859677,6,2,0.0892884037990093,1,0,0.0151515151515151,14,94,392,0.028,0.188,0.784,1819148.4603984903,1819148.4603984903,36300.0,14.777214179750828,0.0890055257971734,
500,U,3,Fix-and-Optimize,ok,,1809138.927660484,60.70161860000008,,,,,,,,,,,,,,,,60.70161860000008,,,,,,,,,,,,,1.0,,,,,,,0,1779763.9276604836,29375.0,97,536893.7526070868,2500.0,539393.7526070868,0.0206185567010309,0.1855670103092783,0.7938144329896907,0.0128865979381443,258,795515.8840261142,21000.0,816515.8840261142,0.0465116279069767,0.2054263565891473,0.748062015503876,0.1017441860465116,79,215154.29102728248,5875.0,221029.29102728248,0.0,0.2911392405063291,0.7088607594936709,0.1487341772151898,66,232200.0,0.0,232200.0,0.0,0.0454545454545454,0.9545454545454546,0.0,55,6,0.1168027320188643,80.48827021489514,14.674438740249215,13,2,0.1416248096738777,29,3,0.1194705682168537,12,1,0.1625361122926301,1,0,0.0151515151515151,14,97,389,0.028,0.194,0.778,1809138.927660484,1809138.927660484,29375.0,14.674438740249215,0.1168027320188643,
500,U,4,CG+IR,ok,,1664481.3788975757,96.80256680000092,7.987475800004177,1.4207078297524498e-06,0.0001420707829752,1664479.0141558482,1664479.0141558482,1664481.3788975757,0.0001420707829752,-866.1322942861311,5992.0,99.0,-22.742838867722185,-866.1322942861311,5992.0,27670.0,20.0,96.80256680000092,budgeted_stabilized,Pool LP-IP gap,0.0,0.0,1.0,3.114166368769695e-07,603.0,Greedy:500;FIFO:500,-866.1322942861311,simops,Optimal,Optimal,1.0,20.0,10000.0,26963.0,27670.0,-866.1322942861311,0.0825130579079242,0,1662381.3788975757,2100.0,81,257119.1456115172,500.0,257619.1456115172,0.0,1.0,0.0,0.0030864197530864,246,823156.4140621356,600.0,823756.4140621356,0.056910569105691,0.0447154471544715,0.8983739837398373,0.0030487804878048,78,240105.8192239232,1000.0,241105.8192239232,0.0,0.0256410256410256,0.9743589743589745,0.0256410256410256,95,342000.0,0.0,342000.0,0.0,0.0,1.0,0.0,46,17,0.1103988252236623,78.91376178000006,14.07511595590058,38,8,0.5197313418167835,8,9,0.0532568045718362,0,0,0.0,0,0,0.0,14,94,392,0.028,0.188,0.784,1664481.3788975757,1664481.3788975757,2100.0,14.07511595590058,0.1103988252236623,
500,U,4,Restricted-CG,ok,,1785350.6861178377,7.385277299999871,1.1998822999994443,0.0,0.0,1785350.686117838,1785350.686117838,1785350.6861178377,0.0,-7701.025864346396,24004.0,741.0,-7701.025864346396,-7701.025864346396,24004.0,4949.0,6.0,7.385277299999871,budgeted_stabilized,Pool LP-IP gap,0.0,0.0,1.0,0.0,0.0,,-7701.025864346396,simops,Optimal,Optimal,1.0,6.0,1500.0,4449.0,4949.0,-7701.025864346396,0.1624694986062968,0,1751750.6861178377,33600.0,81,456967.6143805224,6500.0,463467.6143805224,0.0246913580246913,0.1851851851851851,0.7901234567901234,0.0401234567901234,246,763448.7839457776,20600.0,784048.7839457776,0.048780487804878,0.2073170731707317,0.7439024390243902,0.1046747967479674,78,217534.2877915393,6125.0,223659.2877915393,0.0,0.2051282051282051,0.7948717948717948,0.157051282051282,95,313800.0,375.0,314175.0,0.0105263157894736,0.1473684210526315,0.8421052631578947,0.0026315789473684,45,7,0.0964048730272866,69.6006134780254,14.261165092266491,7,1,0.0970429143251252,25,5,0.1099858455895068,6,1,0.0805825953626855,7,0,0.0736842105263157,15,96,389,0.03,0.192,0.778,1785350.6861178377,1785350.6861178377,33600.0,14.261165092266491,0.0964048730272866,
500,U,4,Greedy,ok,,1785350.6861178388,0.4194829000007303,,,,,,,,,,,,,,,,0.4194829000007303,,,,,,,,,,,,,,,,,,,,0,1751750.6861178388,33600.0,81,456967.6143805224,6500.0,463467.6143805224,0.0246913580246913,0.1851851851851851,0.7901234567901234,0.0401234567901234,246,763448.7839457776,20600.0,784048.7839457776,0.048780487804878,0.2073170731707317,0.7439024390243902,0.1046747967479674,78,217534.2877915393,6125.0,223659.2877915393,0.0,0.2051282051282051,0.7948717948717948,0.157051282051282,95,313800.0,375.0,314175.0,0.0105263157894736,0.1473684210526315,0.8421052631578947,0.0026315789473684,45,7,0.0964048730272866,69.6006134780254,14.261165092266491,7,1,0.0970429143251252,25,5,0.1099858455895068,6,1,0.0805825953626855,7,0,0.0736842105263157,15,96,389,0.03,0.192,0.778,1785350.6861178388,1785350.6861178388,33600.0,14.261165092266491,0.0964048730272866,
500,U,4,FIFO,ok,,1796845.83430208,0.278263699998206,,,,,,,,,,,,,,,,0.278263699998206,,,,,,,,,,,,,,,,,,,,0,1757045.83430208,39800.0,81,466344.67982328206,4000.0,470344.67982328206,0.0246913580246913,0.1481481481481481,0.8271604938271605,0.0246913580246913,246,764850.6061740897,26800.0,791650.6061740897,0.0447154471544715,0.2113821138211382,0.7439024390243902,0.1361788617886178,78,217450.5483047088,8250.0,225700.5483047088,0.0,0.2051282051282051,0.7948717948717948,0.2115384615384615,95,308400.0,750.0,309150.0,0.0105263157894736,0.1789473684210526,0.8105263157894737,0.0052631578947368,34,13,0.076305579479575,49.30380082030876,14.354020428600236,6,2,0.0831020021665685,19,7,0.0860613780382915,4,1,0.0544178852197647,5,3,0.0632193002077273,14,97,389,0.028,0.194,0.778,1796845.83430208,1796845.83430208,39800.0,14.354020428600236,0.076305579479575,
500,U,4,Rolling-Horizon,ok,,1793968.931900409,78.21501510000235,,,,,,,,,,,,,,,,78.21501510000235,,,,,,,,,,,,,1.0,,,,,,,0,1764943.931900409,29025.0,81,465045.0783945733,6000.0,471045.0783945733,0.0123456790123456,0.1728395061728395,0.8148148148148148,0.037037037037037,246,769761.1905574484,17400.0,787161.1905574484,0.0528455284552845,0.1869918699186991,0.7601626016260162,0.0884146341463414,78,220537.66294838733,4500.0,225037.66294838733,0.0,0.1794871794871795,0.8205128205128205,0.1153846153846153,95,309600.0,1125.0,310725.0,0.0,0.1894736842105263,0.8105263157894737,0.0078947368421052,43,7,0.0948639033730091,69.7850689888962,14.281746121012782,6,1,0.0829335668824444,23,5,0.105910883602168,5,1,0.0725673769601694,9,0,0.0947368421052631,14,92,394,0.028,0.184,0.788,1793968.931900409,1793968.931900409,29025.0,14.281746121012782,0.0948639033730091,
500,U,4,Fix-and-Optimize,ok,,1782769.612063356,57.79884839999795,,,,,,,,,,,,,,,,57.79884839999795,,,,,,,,,,,,,1.0,,,,,,,0,1755769.612063356,27000.0,81,461432.3520750944,5500.0,466932.3520750944,0.0123456790123456,0.1851851851851851,0.8024691358024691,0.0339506172839506,246,763398.0133013633,16000.0,779398.0133013633,0.048780487804878,0.2073170731707317,0.7439024390243902,0.08130081300813,78,218939.2466868982,5500.0,224439.2466868982,0.0,0.1923076923076923,0.8076923076923077,0.141025641025641,95,312000.0,0.0,312000.0,0.0105263157894736,0.1578947368421052,0.8315789473684211,0.0,42,6,0.0909270261614417,60.349898182652026,14.276634306669823,7,1,0.091803317389209,21,5,0.0976725380983533,6,0,0.0769230769230769,8,0,0.0842105263157894,14,96,390,0.028,0.192,0.78,1782769.612063356,1782769.612063356,27000.0,14.276634306669823,0.0909270261614417,
500,U,5,CG+IR,ok,,1707883.2541867124,96.6058054999994,8.264702499989653,3.278523378249362e-06,0.0003278523378249,1707877.6548515365,1707877.6548515365,1707883.2541867124,0.0003278523378249,-1504.6799935487925,4551.0,183.0,-12.547137515314262,-1504.6799935487925,4551.0,26234.0,20.0,96.6058054999994,budgeted_stabilized,Pool LP-IP gap,0.0,0.0,1.0,0.0,593.0,Greedy:500;FIFO:500,-1504.6799935487925,simops,Optimal,Optimal,1.0,20.0,10000.0,25533.0,26234.0,-1504.6799935487925,0.0855507850404467,0,1706683.2541867124,1200.0,104,374784.9377994688,500.0,375284.9377994688,0.0192307692307692,0.8076923076923077,0.173076923076923,0.0024038461538461,256,860151.4816905753,200.0,860351.4816905753,0.046875,0.0390625,0.9140625,0.0009765625,66,205346.8346966696,500.0,205846.8346966696,0.0,0.0303030303030303,0.9696969696969696,0.0151515151515151,74,266400.0,0.0,266400.0,0.0,0.0,1.0,0.0,47,10,0.1042755634335489,74.0561230164788,14.29816351907612,45,3,0.4496200009849006,2,7,0.0210050844310344,0,0,0.0,0,0,0.0,14,96,390,0.028,0.192,0.78,1707883.2541867124,1707883.2541867124,1200.0,14.29816351907612,0.1042755634335489,
500,U,5,Restricted-CG,ok,,1832128.4122392,7.240222100001119,1.2604916999989657,0.0,0.0,1832128.4122392,1832128.4122392,1832128.4122392,0.0,-7096.02604209047,26057.0,746.0,-7096.02604209047,-7096.02604209047,26057.0,4933.0,6.0,7.240222100001119,budgeted_stabilized,Pool LP-IP gap,0.0,0.0,1.0,0.0,0.0,,-7096.02604209047,simops,Optimal,Optimal,1.0,6.0,1500.0,4433.0,4933.0,-7096.02604209047,0.1740957228368409,0,1796578.4122391995,35550.0,104,580400.2320122703,3000.0,583400.2320122703,0.0288461538461538,0.1826923076923076,0.7884615384615384,0.0144230769230769,256,785646.0240129855,23800.0,809446.0240129855,0.04296875,0.20703125,0.75,0.1162109375,66,176732.15621394463,7250.0,183982.15621394463,0.0,0.303030303030303,0.696969696969697,0.2196969696969697,74,253800.0,1500.0,255300.0,0.0,0.0945945945945946,0.9054054054054054,0.0135135135135135,46,8,0.0995147085973324,72.46531301605606,14.413763197087206,14,3,0.1458524988703015,19,4,0.0814789337946799,7,1,0.1171225358290419,6,0,0.081081081081081,14,99,387,0.028,0.198,0.774,1832128.4122392,1832128.4122392,35550.0,14.413763197087206,0.0995147085973324,
500,U,5,Greedy,ok,,1833128.412239201,0.4168059000003268,,,,,,,,,,,,,,,,0.4168059000003268,,,,,,,,,,,,,,,,,,,,0,1796578.4122392014,36550.0,104,580400.2320122703,3000.0,583400.2320122703,0.0288461538461538,0.1826923076923076,0.7884615384615384,0.0144230769230769,256,785646.0240129855,24800.0,810446.0240129855,0.04296875,0.20703125,0.75,0.12109375,66,176732.15621394463,7250.0,183982.15621394463,0.0,0.303030303030303,0.696969696969697,0.2196969696969697,74,253800.0,1500.0,255300.0,0.0,0.0945945945945946,0.9054054054054054,0.0135135135135135,47,7,0.1000545338678988,72.66774749251849,14.41635832813428,14,3,0.1458524988703015,19,4,0.0814789337946799,8,0,0.1212121212121212,6,0,0.081081081081081,14,99,387,0.028,0.198,0.774,1833128.412239201,1833128.412239201,36550.0,14.41635832813428,0.1000545338678988,
500,U,5,FIFO,ok,,1834303.537665101,0.2624423999986902,,,,,,,,,,,,,,,,0.2624423999986902,,,,,,,,,,,,,,,,,,,,0,1795578.537665101,38725.0,104,577122.9857343707,6000.0,583122.9857343707,0.0288461538461538,0.1923076923076923,0.7788461538461539,0.0288461538461538,256,791683.7933829423,21600.0,813283.7933829423,0.03125,0.21484375,0.75390625,0.10546875,66,176571.758547787,9625.0,186196.758547787,0.0,0.303030303030303,0.696969696969697,0.2916666666666667,74,250200.0,1500.0,251700.0,0.0405405405405405,0.054054054054054,0.9054054054054054,0.0135135135135135,47,8,0.099851763351807,61.67766571231226,14.446097660638388,15,2,0.150838006697467,20,4,0.0824666508662433,8,0,0.1212121212121212,4,2,0.0692873832109277,14,99,387,0.028,0.198,0.774,1834303.537665101,1834303.537665101,38725.0,14.446097660638388,0.099851763351807,
500,U,5,Rolling-Horizon,ok,,1828815.6179259247,86.44719009999972,,,,,,,,,,,,,,,,86.44719009999972,,,,,,,,,,,,,1.0,,,,,,,0,1805365.6179259247,23450.0,104,577057.3682315514,2500.0,579557.3682315514,0.0288461538461538,0.1923076923076923,0.7788461538461539,0.0120192307692307,256,800851.1124735399,13200.0,814051.1124735399,0.03515625,0.1875,0.77734375,0.064453125,66,176657.13722083386,7750.0,184407.13722083383,0.0,0.303030303030303,0.696969696969697,0.2348484848484848,74,250800.0,0.0,250800.0,0.0135135135135135,0.0945945945945946,0.8918918918918919,0.0,44,6,0.0951316000718618,70.51799823408462,14.393618987866208,10,3,0.1086619942206907,20,3,0.0869724712381995,7,0,0.106060606060606,7,0,0.0945945945945946,13,95,392,0.026,0.19,0.784,1828815.6179259247,1828815.6179259247,23450.0,14.393618987866208,0.0951316000718618,
500,U,5,Fix-and-Optimize,ok,,1826011.350609964,56.852189299999736,,,,,,,,,,,,,,,,56.852189299999736,,,,,,,,,,,,,1.0,,,,,,,0,1796386.350609964,29625.0,104,574166.3976682953,4500.0,578666.3976682953,0.0288461538461538,0.2019230769230769,0.7692307692307693,0.0216346153846153,256,791087.7967277239,18000.0,809087.7967277239,0.03515625,0.20703125,0.7578125,0.087890625,66,176732.15621394463,7125.0,183857.15621394463,0.0,0.303030303030303,0.696969696969697,0.2159090909090909,74,254400.0,0.0,254400.0,0.0135135135135135,0.0675675675675675,0.918918918918919,0.0,45,13,0.0997980269601114,66.87207526646223,14.39050625814269,12,5,0.1351259436461655,20,7,0.0876979221269372,8,0,0.1212121212121212,5,1,0.0729087469778186,13,99,388,0.026,0.198,0.776,1826011.350609964,1826011.350609964,29625.0,14.39050625814269,0.0997980269601114,
500,U,6,CG+IR,ok,,1696565.1180150234,95.49177050000073,8.078165999988414,2.6087763829447573e-06,0.0002608776382944,1696560.6920560114,1696560.6920560114,1696565.1180150234,0.0002608776382944,-1487.193849681054,8920.0,229.0,-14.01705673689048,-1487.193849681054,8920.0,27294.0,20.0,95.49177050000073,budgeted_stabilized,Pool LP-IP gap,0.0,0.0,1.0,1.800561183577706e-11,593.0,Greedy:500;FIFO:500,-1487.193849681054,simops,Optimal,Optimal,1.0,20.0,10000.0,26595.0,27294.0,-1487.193849681054,0.084595415476021,0,1694665.1180150234,1900.0,95,326259.4121868704,500.0,326759.4121868704,0.0,0.9157894736842104,0.0842105263157894,0.0026315789473684,237,800551.5150853262,1400.0,801951.5150853262,0.0632911392405063,0.0253164556962025,0.9113924050632912,0.0073839662447257,81,254654.19074282632,0.0,254654.19074282632,0.0,0.0123456790123456,0.9876543209876544,0.0,87,313200.0,0.0,313200.0,0.0,0.0,1.0,0.0,45,10,0.1032869297459024,75.79362992354157,14.486283113023331,41,2,0.4451408123267498,4,8,0.0394729438899154,0,0,0.0,0,0,0.0,15,94,391,0.03,0.188,0.782,1696565.1180150234,1696565.1180150234,1900.0,14.486283113023331,0.1032869297459024,
500,U,6,Restricted-CG,ok,,1828242.338700368,7.190264900000329,1.2071080000023358,0.0,0.0,1828242.3387003683,1828242.3387003683,1828242.338700368,0.0,-6069.824876631039,29981.0,747.0,-6069.824876631039,-6069.824876631039,29981.0,4952.0,6.0,7.190264900000329,budgeted_stabilized,Pool LP-IP gap,0.0,0.0,1.0,1.2735217794998702e-15,0.0,,-6069.824876631039,simops,Optimal,Optimal,1.0,6.0,1500.0,4452.0,4952.0,-6069.824876631039,0.1678808801609354,0,1790467.3387003674,37775.0,95,535065.7473000525,11500.0,546565.7473000525,0.0105263157894736,0.2210526315789473,0.7684210526315789,0.0605263157894736,237,728933.8704635233,23400.0,752333.8704635233,0.0548523206751054,0.2109704641350211,0.7341772151898734,0.1234177215189873,81,225867.7209367917,2875.0,228742.7209367917,0.0,0.2345679012345679,0.7654320987654321,0.0709876543209876,87,300600.0,0.0,300600.0,0.0,0.0804597701149425,0.9195402298850576,0.0,55,8,0.1214697542785321,82.62728953285725,14.552160850201885,8,1,0.093885616385004,33,7,0.159560099505024,9,0,0.1111111111111111,5,0,0.057471264367816,14,97,389,0.028,0.194,0.778,1828242.338700368,1828242.338700368,37775.0,14.552160850201885,0.1214697542785321,
500,U,6,Greedy,ok,,1828242.3387003683,0.4051118999996106,,,,,,,,,,,,,,,,0.4051118999996106,,,,,,,,,,,,,,,,,,,,0,1790467.3387003683,37775.0,95,535065.7473000525,11500.0,546565.7473000525,0.0105263157894736,0.2210526315789473,0.7684210526315789,0.0605263157894736,237,728933.8704635233,23400.0,752333.8704635233,0.0548523206751054,0.2109704641350211,0.7341772151898734,0.1234177215189873,81,225867.7209367917,2875.0,228742.7209367917,0.0,0.2345679012345679,0.7654320987654321,0.0709876543209876,87,300600.0,0.0,300600.0,0.0,0.0804597701149425,0.9195402298850576,0.0,55,8,0.1214697542785321,82.62728953285725,14.552160850201885,8,1,0.093885616385004,33,7,0.159560099505024,9,0,0.1111111111111111,5,0,0.057471264367816,14,97,389,0.028,0.194,0.778,1828242.3387003683,1828242.3387003683,37775.0,14.552160850201885,0.1214697542785321,
500,U,6,FIFO,ok,,1831018.290190928,0.2568723999975191,,,,,,,,,,,,,,,,0.2568723999975191,,,,,,,,,,,,,,,,,,,,0,1789568.2901909277,41450.0,95,526667.7365322963,14000.0,540667.7365322963,0.0210526315789473,0.231578947368421,0.7473684210526316,0.0736842105263157,237,738456.4827466861,22200.0,760656.4827466861,0.0337552742616033,0.2236286919831223,0.7426160337552743,0.1170886075949367,81,227444.0709119443,5250.0,232694.0709119443,0.0,0.2222222222222222,0.7777777777777778,0.1296296296296296,87,297000.0,0.0,297000.0,0.0344827586206896,0.0459770114942528,0.9195402298850576,0.0,51,7,0.1078422528220325,62.42931746142602,14.597746679685478,8,2,0.0997836694609108,29,5,0.1284458979418975,9,0,0.1111111111111111,5,0,0.057471264367816,13,97,390,0.026,0.194,0.78,1831018.290190928,1831018.290190928,41450.0,14.597746679685478,0.1078422528220325,
500,U,6,Rolling-Horizon,ok,,1832555.7107377304,81.20563529999708,,,,,,,,,,,,,,,,81.20563529999708,,,,,,,,,,,,,1.0,,,,,,,0,1802605.7107377304,29950.0,95,535560.4747939071,9000.0,544560.4747939071,0.0210526315789473,0.2,0.7789473684210526,0.0473684210526315,237,737086.0398333529,16200.0,753286.0398333529,0.0464135021097046,0.2109704641350211,0.7426160337552743,0.0854430379746835,81,230559.1961104704,4750.0,235309.1961104704,0.0,0.1975308641975308,0.8024691358024691,0.1172839506172839,87,299400.0,0.0,299400.0,0.0114942528735632,0.0689655172413793,0.9195402298850576,0.0,41,8,0.0897651140476306,61.0137036852491,14.599536159669428,8,1,0.0900247881395466,22,7,0.1068784900867442,5,0,0.0617283950617283,6,0,0.0689655172413793,14,91,395,0.028,0.182,0.79,1832555.7107377304,1832555.7107377304,29950.0,14.599536159669428,0.0897651140476306,
500,U,6,Fix-and-Optimize,ok,,1813957.3349150384,57.722430100002384,,,,,,,,,,,,,,,,57.722430100002384,,,,,,,,,,,,,1.0,,,,,,,0,1792907.3349150384,21050.0,95,538549.9745954885,3000.0,541549.9745954885,0.0105263157894736,0.2105263157894736,0.7789473684210526,0.0157894736842105,237,726076.687674351,15800.0,741876.687674351,0.0548523206751054,0.2194092827004219,0.7257383966244726,0.0833333333333333,81,228880.67264519885,2250.0,231130.67264519885,0.0,0.2098765432098765,0.7901234567901234,0.0555555555555555,87,299400.0,0.0,299400.0,0.0114942528735632,0.0689655172413793,0.9195402298850576,0.0,53,4,0.1102598762255565,75.38791822454414,14.52223010202614,8,0,0.0842105263157894,31,4,0.139788768408347,9,0,0.1111111111111111,5,0,0.057471264367816,15,95,390,0.03,0.19,0.78,1813957.3349150384,1813957.3349150384,21050.0,14.52223010202614,0.1102598762255565,
500,U,7,CG+IR,ok,,1698575.060522126,96.68147580000004,8.130054099998233,3.6535233863507455e-06,0.000365352338635,1698568.854738419,1698568.854738419,1698575.060522126,0.000365352338635,-1412.6608564119615,13908.0,187.0,-31.906381472248995,-1412.6608564119615,13908.0,29161.0,20.0,96.68147580000004,budgeted_stabilized,Pool LP-IP gap,0.0,0.0,1.0,1.0423782186297033e-06,578.0,Greedy:500;FIFO:500,-1412.6608564119615,simops,Optimal,Optimal,1.0,20.0,10000.0,28474.0,29161.0,-1412.6608564119615,0.084091125344595,0,1695300.060522126,3275.0,100,342681.7621464421,500.0,343181.7621464421,0.01,0.88,0.11,0.0025,243,835789.2230187312,400.0,836189.2230187312,0.0617283950617283,0.0164609053497942,0.9218106995884774,0.0020576131687242,84,254029.0753569531,2375.0,256404.0753569531,0.0,0.0476190476190476,0.9523809523809524,0.056547619047619,73,262800.0,0.0,262800.0,0.0,0.0,1.0,0.0,43,9,0.0945205348415634,63.698692443261024,14.697988198307613,39,3,0.4104528273097458,4,6,0.0255760686823339,0,0,0.0,0,0,0.0,16,96,388,0.032,0.192,0.776,1698575.060522126,1698575.060522126,3275.0,14.697988198307613,0.0945205348415634,
500,U,7,Restricted-CG,ok,,1827475.7636114005,7.156872100000328,1.221724399998493,0.0,0.0,1827475.7636114005,1827475.7636114005,1827475.7636114005,0.0,-6890.119045218453,24534.0,740.0,-6890.119045218453,-6890.119045218453,24534.0,4897.0,6.0,7.156872100000328,budgeted_stabilized,Pool LP-IP gap,0.0,0.0,1.0,0.0,0.0,,-6890.119045218453,simops,Optimal,Optimal,1.0,6.0,1500.0,4397.0,4897.0,-6890.119045218453,0.1707064738516756,0,1787575.7636114005,39900.0,100,545124.6151568487,11000.0,556124.6151568487,0.01,0.24,0.75,0.055,243,767608.7867646007,24400.0,792008.7867646007,0.0493827160493827,0.1893004115226337,0.7613168724279835,0.125514403292181,84,230642.3616899518,3375.0,234017.3616899518,0.0,0.2261904761904762,0.7738095238095238,0.0803571428571428,73,244200.0,1125.0,245325.0,0.0273972602739726,0.0958904109589041,0.8767123287671232,0.0102739726027397,49,6,0.1040274603632095,72.05915761009956,14.75400412441574,11,1,0.1177131672170139,27,2,0.112584422030149,9,1,0.1163560091244394,2,2,0.0426095087688252,15,96,389,0.03,0.192,0.778,1827475.7636114005,1827475.7636114005,39900.0,14.75400412441574,0.1040274603632095,
500,U,7,Greedy,ok,,1827975.7636114005,0.4240179000007629,,,,,,,,,,,,,,,,0.4240179000007629,,,,,,,,,,,,,,,,,,,,0,1787575.7636114005,40400.0,100,545124.6151568487,11500.0,556624.6151568487,0.01,0.24,0.75,0.0575,243,767608.7867646007,24400.0,792008.7867646007,0.0493827160493827,0.1893004115226337,0.7613168724279835,0.125514403292181,84,230642.3616899518,3375.0,234017.3616899518,0.0,0.2261904761904762,0.7738095238095238,0.0803571428571428,73,244200.0,1125.0,245325.0,0.0273972602739726,0.0958904109589041,0.8767123287671232,0.0102739726027397,49,6,0.1040274603632095,72.05915761009956,14.76000412441574,11,1,0.1177131672170139,27,2,0.112584422030149,9,1,0.1163560091244394,2,2,0.0426095087688252,15,96,389,0.03,0.192,0.778,1827975.7636114005,1827975.7636114005,40400.0,14.76000412441574,0.1040274603632095,
500,U,7,FIFO,ok,,1831115.8919035168,0.2878319999981613,,,,,,,,,,,,,,,,0.2878319999981613,,,,,,,,,,,,,,,,,,,,0,1787065.8919035168,44050.0,100,542775.9973007317,14000.0,556775.9973007317,0.02,0.23,0.75,0.07,243,770647.532912835,25800.0,796447.532912835,0.037037037037037,0.2016460905349794,0.7613168724279835,0.132716049382716,84,230642.3616899518,4250.0,234892.3616899518,0.0,0.2261904761904762,0.7738095238095238,0.1011904761904761,73,243000.0,0.0,243000.0,0.0410958904109589,0.0821917808219178,0.8767123287671232,0.0,48,6,0.1019291913626511,66.61761969982602,14.780141022335416,12,0,0.1199353894392361,25,3,0.1101281004529265,8,0,0.0952380952380952,3,3,0.0576702510594629,14,97,389,0.028,0.194,0.778,1831115.8919035168,1831115.8919035168,44050.0,14.780141022335416,0.1019291913626511,
500,U,7,Rolling-Horizon,ok,,1829395.924658198,79.64603669999997,,,,,,,,,,,,,,,,79.64603669999997,,,,,,,,,,,,,1.0,,,,,,,0,1797895.924658198,31500.0,100,549121.3929025022,6500.0,555621.3929025022,0.02,0.21,0.77,0.0325,243,772756.8739457792,21000.0,793756.8739457792,0.0411522633744856,0.1893004115226337,0.7695473251028807,0.1080246913580246,84,232417.65780991703,4000.0,236417.65780991703,0.0,0.2142857142857142,0.7857142857142857,0.0952380952380952,73,243600.0,0.0,243600.0,0.0136986301369863,0.1232876712328767,0.863013698630137,0.0,43,6,0.0913254370657006,69.44746754500139,14.758023008592346,9,1,0.093824278328125,22,4,0.0973407941017316,6,1,0.0788866396823454,6,0,0.0821917808219178,13,94,393,0.026,0.188,0.786,1829395.924658198,1829395.924658198,31500.0,14.758023008592346,0.0913254370657006,
500,U,7,Fix-and-Optimize,ok,,1819031.509497709,53.90843559999848,,,,,,,,,,,,,,,,53.90843559999848,,,,,,,,,,,,,1.0,,,,,,,0,1788756.509497709,30275.0,100,542775.9973007317,9000.0,551775.9973007317,0.02,0.23,0.75,0.045,243,766362.8543870607,18400.0,784762.8543870607,0.0452674897119341,0.1975308641975308,0.757201646090535,0.0946502057613168,84,232417.65780991703,2875.0,235292.65780991703,0.0,0.2142857142857142,0.7857142857142857,0.0684523809523809,73,247200.0,0.0,247200.0,0.0136986301369863,0.0958904109589041,0.8904109589041096,0.0,48,5,0.1000313549697558,73.51168959279639,14.746209450566749,11,1,0.1192326736240396,23,4,0.0991457206686172,9,0,0.1071428571428571,5,0,0.0684931506849315,14,96,390,0.028,0.192,0.78,1819031.509497709,1819031.509497709,30275.0,14.746209450566749,0.1000313549697558,
500,U,8,CG+IR,ok,,1704008.4575181224,95.98192779999954,8.051404499987257,1.836811557054451e-06,0.0001836811557054,1704005.3275756943,1704005.3275756943,1704008.4575181224,0.0001836811557054,-1433.556245005116,8847.0,138.0,-419.5949568272913,-1433.556245005116,8847.0,26866.0,20.0,95.98192779999954,budgeted_stabilized,Pool LP-IP gap,0.0,0.0,1.0,0.0,593.0,Greedy:500;FIFO:500,-1433.556245005116,simops,Optimal,Optimal,1.0,20.0,10000.0,26166.0,26866.0,-1433.556245005116,0.0838845883233791,0,1700083.4575181224,3925.0,96,324322.4912121737,500.0,324822.4912121737,0.0,0.9270833333333334,0.0729166666666666,0.0026041666666666,258,892120.0457406533,800.0,892920.0457406533,0.0581395348837209,0.0116279069767441,0.9302325581395348,0.003875968992248,85,264040.9205652972,2625.0,266665.9205652972,0.0,0.0352941176470588,0.9647058823529412,0.0617647058823529,61,219600.0,0.0,219600.0,0.0,0.0,1.0,0.0,41,15,0.0949988310986341,65.59986156221913,14.787806954475696,38,4,0.4144669028620647,3,11,0.029886018893639,0,0,0.0,0,0,0.0,15,95,390,0.03,0.19,0.78,1704008.4575181224,1704008.4575181224,3925.0,14.787806954475696,0.0949988310986341,
500,U,8,Restricted-CG,ok,,1839852.693380921,10.215278899999248,1.646532800001296,0.0007918264797378,0.0791826479737868,1838395.8492994849,1838395.8492994849,1839852.693380921,0.0791826479737868,-6146.241241066829,16788.0,725.0,-6146.241241066829,-6146.241241066829,16788.0,6365.0,8.0,10.215278899999248,budgeted_max_iter,Pool LP-IP gap,0.0,0.0,0.0,0.0024072608759726,0.0,,-6146.241241066829,simops,Optimal,Optimal,1.0,8.0,2000.0,5865.0,6365.0,-6146.241241066829,0.1611833427280597,0,1804127.693380921,35725.0,96,550914.0834539869,5500.0,556414.0834539869,0.0208333333333333,0.15625,0.8229166666666666,0.0286458333333333,258,819247.0270912009,19600.0,838847.0270912009,0.0387596899224806,0.2015503875968992,0.7596899224806202,0.0949612403100775,85,229966.58283573456,10250.0,240216.58283573456,0.0,0.2823529411764706,0.7176470588235294,0.2411764705882353,61,204000.0,375.0,204375.0,0.0163934426229508,0.1147540983606557,0.8688524590163934,0.0040983606557377,44,12,0.1008145865297828,69.20771840368022,14.88178132127162,9,1,0.1014763422288701,23,9,0.1054931680058566,8,1,0.1040580269980527,4,1,0.0754654880422031,13,98,389,0.026,0.196,0.778,1839852.693380921,1839852.693380921,35725.0,14.88178132127162,0.1008145865297828,
500,U,8,Greedy,ok,,1844038.736763072,0.404746599997452,,,,,,,,,,,,,,,,0.404746599997452,,,,,,,,,,,,,,,,,,,,0,1803088.736763072,40950.0,96,548528.0601090735,6500.0,555028.0601090735,0.03125,0.1458333333333333,0.8229166666666666,0.0338541666666666,258,820594.0938182636,23200.0,843794.0938182636,0.0348837209302325,0.2054263565891473,0.7596899224806202,0.1124031007751938,85,229966.58283573456,10875.0,240841.58283573456,0.0,0.2823529411764706,0.7176470588235294,0.2558823529411764,61,204000.0,375.0,204375.0,0.0163934426229508,0.1147540983606557,0.8688524590163934,0.0040983606557377,45,9,0.0987017050230303,67.05266528368739,14.913370099758092,9,1,0.0970120565145843,24,6,0.1047822188571731,7,1,0.0922933211156997,5,1,0.0845729561660646,13,98,389,0.026,0.196,0.778,1844038.736763072,1844038.736763072,40950.0,14.913370099758092,0.0987017050230303,
500,U,8,FIFO,ok,,1845067.5058802231,0.2799202999995032,,,,,,,,,,,,,,,,0.2799202999995032,,,,,,,,,,,,,,,,,,,,0,1796117.5058802231,48950.0,96,549623.3556600859,7000.0,556623.3556600859,0.0104166666666666,0.1770833333333333,0.8125,0.0364583333333333,258,815158.4059450068,31200.0,846358.4059450068,0.0426356589147286,0.2015503875968992,0.7558139534883721,0.1511627906976744,85,231535.7442751297,10750.0,242285.7442751297,0.0,0.2705882352941176,0.7294117647058823,0.2529411764705882,61,199800.0,0.0,199800.0,0.0491803278688524,0.0983606557377049,0.8524590163934426,0.0,42,14,0.0945035835892323,55.609637428236255,14.94448649106764,11,2,0.122841148545494,21,7,0.0899034493002535,4,3,0.0693010589295445,6,2,0.1044813377995419,15,98,387,0.03,0.196,0.774,1845067.5058802231,1845067.5058802231,48950.0,14.94448649106764,0.0945035835892323,
500,U,8,Rolling-Horizon,ok,,1838361.7283690528,79.0365540999992,,,,,,,,,,,,,,,,79.0365540999992,,,,,,,,,,,,,1.0,,,,,,,0,1806711.7283690528,31650.0,96,549711.4058582382,2500.0,552211.4058582382,0.0104166666666666,0.1770833333333333,0.8125,0.0130208333333333,258,827144.2186728413,17400.0,844544.2186728413,0.0426356589147286,0.1782945736434108,0.7790697674418605,0.0843023255813953,85,230056.10383797347,11750.0,241806.10383797347,0.0,0.2823529411764706,0.7176470588235294,0.2764705882352941,61,199800.0,0.0,199800.0,0.0491803278688524,0.0983606557377049,0.8524590163934426,0.0,39,11,0.0867386563507027,55.59563710031652,14.926246889258808,9,1,0.0976072946098225,19,7,0.084922028410009,4,2,0.0566950955974708,7,1,0.1191813350367386,15,93,392,0.03,0.186,0.784,1838361.7283690528,1838361.7283690528,31650.0,14.926246889258808,0.0867386563507027,
500,U,8,Fix-and-Optimize,ok,,1836385.2701363089,54.21043260000079,,,,,,,,,,,,,,,,54.21043260000079,,,,,,,,,,,,,1.0,,,,,,,0,1798010.2701363089,38375.0,96,552753.7746249433,5500.0,558253.7746249433,0.0104166666666666,0.1666666666666666,0.8229166666666666,0.0286458333333333,258,812058.8948960756,25000.0,837058.8948960756,0.0426356589147286,0.2093023255813953,0.748062015503876,0.1211240310077519,85,233397.6006152901,7875.0,241272.6006152901,0.0,0.2588235294117647,0.7411764705882353,0.1852941176470588,61,199800.0,0.0,199800.0,0.0491803278688524,0.0983606557377049,0.8524590163934426,0.0,43,12,0.0967707254379274,61.411804124236674,14.929955889398403,9,2,0.1036966401927865,23,7,0.099181123671693,6,1,0.081881987573391,5,2,0.0964227280232975,15,98,387,0.03,0.196,0.774,1836385.2701363089,1836385.2701363089,38375.0,14.929955889398403,0.0967707254379274,
500,U,9,CG+IR,ok,,1669788.7090198402,102.70277629999693,8.0158030999919,1.132914909612684e-06,0.0001132914909612,1669786.817291316,1669786.817291316,1669788.7090198402,0.0001132914909612,-1424.4341172824156,3853.0,168.0,-52.00983432753583,-1424.4341172824156,3853.0,28218.0,20.0,102.70277629999693,budgeted_stabilized,Pool LP-IP gap,0.0,0.0,1.0,6.823932589458114e-07,584.0,Greedy:500;FIFO:500,-1424.4341172824156,simops,Optimal,Optimal,1.0,20.0,10000.0,27523.0,28218.0,-1424.4341172824156,0.0780485532014984,0,1667038.7090198402,2750.0,99,338413.4110853226,0.0,338413.4110853226,0.0,0.9090909090909092,0.0909090909090909,0.0,245,813650.4269765068,1000.0,814650.4269765068,0.0653061224489796,0.0244897959183673,0.9102040816326532,0.0051020408163265,87,266574.8709580103,1750.0,268324.8709580103,0.0,0.0229885057471264,0.9770114942528736,0.0402298850574712,69,248400.0,0.0,248400.0,0.0,0.0,1.0,0.0,48,11,0.1063772322509438,78.52632474001712,14.82308109262809,42,3,0.4378024768993875,6,8,0.0401884527038062,0,0,0.0,0,0,0.0,16,98,386,0.032,0.196,0.772,1669788.7090198402,1669788.7090198402,2750.0,14.82308109262809,0.1063772322509438,
500,U,9,Restricted-CG,ok,,1808870.4400263128,6.7903355000016745,1.2178615000011632,1.2871604206793422e-16,1.2871604206793424e-14,1808870.4400263128,1808870.4400263128,1808870.4400263128,1.2871604206793424e-14,-10722.50808483213,19710.0,738.0,-10722.50808483213,-10722.50808483213,19710.0,4928.0,6.0,6.7903355000016745,budgeted_stabilized,Pool LP-IP gap,0.0,0.0,1.0,0.0,0.0,,-10722.50808483213,simops,Optimal,Optimal,1.0,6.0,1500.0,4428.0,4928.0,-10722.50808483213,0.1793521837029794,0,1773695.4400263128,35175.0,99,555450.4277198028,4500.0,559950.4277198028,0.0404040404040404,0.1616161616161616,0.797979797979798,0.0227272727272727,245,757886.7075958322,22800.0,780686.7075958322,0.036734693877551,0.2,0.763265306122449,0.1163265306122448,87,231758.3047106781,7875.0,239633.3047106781,0.0,0.2758620689655172,0.7241379310344828,0.1810344827586207,69,228600.0,0.0,228600.0,0.0,0.1594202898550724,0.8405797101449275,0.0,45,6,0.0949273318238587,65.84011081135843,14.973524416102856,13,2,0.142891857082101,19,3,0.0824421739312865,7,1,0.0818280396280018,6,0,0.0869565217391304,13,100,387,0.026,0.2,0.774,1808870.4400263128,1808870.4400263128,35175.0,14.973524416102856,0.0949273318238587,
500,U,9,Greedy,ok,,1808870.4400263133,0.4043710000005376,,,,,,,,,,,,,,,,0.4043710000005376,,,,,,,,,,,,,,,,,,,,0,1773695.4400263135,35175.0,99,555450.4277198028,4500.0,559950.4277198028,0.0404040404040404,0.1616161616161616,0.797979797979798,0.0227272727272727,245,757886.7075958322,22800.0,780686.7075958322,0.036734693877551,0.2,0.763265306122449,0.1163265306122448,87,231758.3047106781,7875.0,239633.3047106781,0.0,0.2758620689655172,0.7241379310344828,0.1810344827586207,69,228600.0,0.0,228600.0,0.0,0.1594202898550724,0.8405797101449275,0.0,46,6,0.0969273318238587,66.59011081135843,14.96569914397811,13,2,0.142891857082101,19,3,0.0824421739312865,7,1,0.0818280396280018,7,0,0.1014492753623188,13,100,387,0.026,0.2,0.774,1808870.4400263133,1808870.4400263133,35175.0,14.96569914397811,0.0969273318238587,
500,U,9,FIFO,ok,,1803225.7594080048,0.255509599999641,,,,,,,,,,,,,,,,0.255509599999641,,,,,,,,,,,,,,,,,,,,0,1771675.7594080048,31550.0,99,555169.3815364671,3000.0,558169.3815364671,0.0404040404040404,0.1616161616161616,0.797979797979798,0.0151515151515151,245,761142.6313540773,19800.0,780942.6313540773,0.0285714285714285,0.2081632653061224,0.763265306122449,0.1010204081632653,87,230363.7465174604,8750.0,239113.7465174604,0.0,0.2873563218390804,0.7126436781609196,0.2011494252873563,69,225000.0,0.0,225000.0,0.0434782608695652,0.1159420289855072,0.8405797101449275,0.0,44,11,0.0968614756731165,60.66529904881006,14.972759049198311,11,3,0.1227370030820947,19,4,0.083406521082381,8,0,0.0919540229885057,6,4,0.1136982154528626,14,100,386,0.028,0.2,0.772,1803225.7594080048,1803225.7594080048,31550.0,14.972759049198311,0.0968614756731165,
500,U,9,Rolling-Horizon,ok,,1799996.1552237668,71.54985529999976,,,,,,,,,,,,,,,,71.54985529999976,,,,,,,,,,,,,1.0,,,,,,,0,1776571.1552237668,23425.0,99,559926.7474081682,0.0,559926.7474081682,0.0202020202020202,0.1818181818181818,0.797979797979798,0.0,245,758686.1031049205,17800.0,776486.1031049205,0.0448979591836734,0.1877551020408163,0.7673469387755102,0.0908163265306122,87,231758.3047106781,5625.0,237383.3047106781,0.0,0.2758620689655172,0.7241379310344828,0.1293103448275862,69,226200.0,0.0,226200.0,0.0289855072463768,0.1304347826086956,0.8405797101449275,0.0,42,6,0.0888263682730854,65.70799232259282,14.984941604995845,10,2,0.1075260042699918,16,2,0.0682631412225513,7,0,0.0804597701149425,9,2,0.1455600016563544,15,97,388,0.03,0.194,0.776,1799996.1552237668,1799996.1552237668,23425.0,14.984941604995845,0.0888263682730854,
500,U,9,Fix-and-Optimize,ok,,1795996.3060213197,53.846508800001175,,,,,,,,,,,,,,,,53.846508800001175,,,,,,,,,,,,,1.0,,,,,,,0,1768271.3060213197,27725.0,99,550304.4760679469,6000.0,556304.4760679469,0.0303030303030303,0.1919191919191919,0.7777777777777778,0.0303030303030303,245,758468.6710410998,16600.0,775068.6710410998,0.036734693877551,0.2,0.763265306122449,0.0846938775510204,87,233298.1589122729,5125.0,238423.1589122729,0.0,0.264367816091954,0.735632183908046,0.1178160919540229,69,226200.0,0.0,226200.0,0.0289855072463768,0.1304347826086956,0.8405797101449275,0.0,44,7,0.0953948743666783,69.96523072670522,14.937123707682115,11,2,0.1254949963939047,18,4,0.0827270599397629,8,0,0.0919540229885057,7,1,0.1015261283347921,14,100,386,0.028,0.2,0.772,1795996.3060213197,1795996.3060213197,27725.0,14.937123707682115,0.0953948743666783,
500,U,10,CG+IR,ok,,1685301.7553041824,98.12897670000166,8.17479980000644,1.6598991906322252e-06,0.0001659899190632,1685298.9578731628,1685298.9578731628,1685301.7553041824,0.0001659899190632,-1369.4883898344488,1175.0,146.0,-142.88632273454323,-1369.4883898344488,1175.0,27016.0,20.0,98.12897670000166,budgeted_stabilized,Pool LP-IP gap,0.0,0.0,1.0,1.6219269250280258e-13,606.0,Greedy:500;FIFO:500,-1369.4883898344488,simops,Optimal,Optimal,1.0,20.0,10000.0,26298.0,27016.0,-1369.4883898344488,0.0833066854961537,0,1681751.7553041824,3550.0,95,311695.6942226083,500.0,312195.6942226083,0.0105263157894736,0.9263157894736842,0.0631578947368421,0.0026315789473684,258,877696.3066026162,800.0,878496.3066026162,0.0542635658914728,0.0271317829457364,0.9186046511627908,0.003875968992248,77,240359.7544789581,2250.0,242609.7544789581,0.0,0.0259740259740259,0.974025974025974,0.0584415584415584,70,252000.0,0.0,252000.0,0.0,0.0,1.0,0.0,52,7,0.1109437542922331,79.15971469392758,14.598640282545729,45,3,0.4867915117720349,7,4,0.0357623392549351,0,0,0.0,0,0,0.0,15,97,388,0.03,0.194,0.776,1685301.7553041824,1685301.7553041824,3550.0,14.598640282545729,0.1109437542922331,
500,U,10,Restricted-CG,ok,,1820008.945603888,7.165487499998562,1.2180355999953465,0.0,0.0,1820008.945603888,1820008.945603888,1820008.945603888,0.0,-8604.873303641929,25862.0,736.0,-8604.873303641929,-8604.873303641929,25862.0,4881.0,6.0,7.165487499998562,budgeted_stabilized,Pool LP-IP gap,0.0,0.0,1.0,0.0,0.0,,-8604.873303641929,simops,Optimal,Optimal,1.0,6.0,1500.0,4381.0,4881.0,-8604.873303641929,0.1699864245099291,0,1780008.945603888,40000.0,95,537757.7187178098,3000.0,540757.7187178098,0.0105263157894736,0.1789473684210526,0.8105263157894737,0.0157894736842105,258,798212.5130792741,28000.0,826212.5130792741,0.0542635658914728,0.2054263565891473,0.7403100775193798,0.1356589147286821,77,204038.7138068032,8625.0,212663.7138068032,0.0,0.3246753246753247,0.6753246753246753,0.224025974025974,70,240000.0,375.0,240375.0,0.0142857142857142,0.0714285714285714,0.9142857142857144,0.0035714285714285,47,13,0.1055692516988418,69.38613512095313,14.78240042321351,11,1,0.120340614233806,23,9,0.1040344114113689,8,3,0.1235245370529373,5,0,0.0714285714285714,16,100,384,0.032,0.2,0.768,1820008.945603888,1820008.945603888,40000.0,14.78240042321351,0.1055692516988418,
500,U,10,Greedy,ok,,1820008.9456038885,0.4069553000008454,,,,,,,,,,,,,,,,0.4069553000008454,,,,,,,,,,,,,,,,,,,,0,1780008.9456038885,40000.0,95,537757.7187178098,3000.0,540757.7187178098,0.0105263157894736,0.1789473684210526,0.8105263157894737,0.0157894736842105,258,798212.5130792741,28000.0,826212.5130792741,0.0542635658914728,0.2054263565891473,0.7403100775193798,0.1356589147286821,77,204038.7138068032,8625.0,212663.7138068032,0.0,0.3246753246753247,0.6753246753246753,0.224025974025974,70,240000.0,375.0,240375.0,0.0142857142857142,0.0714285714285714,0.9142857142857144,0.0035714285714285,47,13,0.1055692516988418,69.38613512095313,14.78240042321351,11,1,0.120340614233806,23,9,0.1040344114113689,8,3,0.1235245370529373,5,0,0.0714285714285714,16,100,384,0.032,0.2,0.768,1820008.9456038885,1820008.9456038885,40000.0,14.78240042321351,0.1055692516988418,
500,U,10,FIFO,ok,,1827963.4985173969,0.2540794999986246,,,,,,,,,,,,,,,,0.2540794999986246,,,,,,,,,,,,,,,,,,,,0,1781538.498517397,46425.0,95,537550.1474673686,2500.0,540050.1474673686,0.0105263157894736,0.1789473684210526,0.8105263157894737,0.0131578947368421,258,799862.4670154228,31800.0,831662.4670154228,0.0542635658914728,0.2015503875968992,0.7441860465116279,0.1540697674418604,77,204125.8840346044,12125.0,216250.8840346044,0.0,0.3246753246753247,0.6753246753246753,0.3149350649350649,70,240000.0,0.0,240000.0,0.0142857142857142,0.0714285714285714,0.9142857142857144,0.0,43,13,0.1003311761786833,57.60248506892471,14.806984995612842,9,2,0.1082795476479598,21,9,0.0984299186610804,9,1,0.1277192705334258,4,1,0.0664246888164708,16,99,385,0.032,0.198,0.77,1827963.4985173969,1827963.4985173969,46425.0,14.806984995612842,0.1003311761786833,
500,U,10,Rolling-Horizon,ok,,1825449.820378484,83.04216930000257,,,,,,,,,,,,,,,,83.04216930000257,,,,,,,,,,,,,1.0,,,,,,,0,1792924.8203784842,32525.0,95,538942.1810807375,1500.0,540442.1810807375,0.0210526315789473,0.1578947368421052,0.8210526315789474,0.0078947368421052,258,803835.9122267023,22400.0,826235.9122267023,0.0465116279069767,0.2054263565891473,0.748062015503876,0.1085271317829457,77,208946.7270710445,8625.0,217571.7270710445,0.0,0.2857142857142857,0.7142857142857143,0.224025974025974,70,241200.0,0.0,241200.0,0.0,0.0857142857142857,0.9142857142857144,0.0,39,6,0.0837791911411936,54.497635573075634,14.80154996737295,5,2,0.0627072372687773,25,3,0.1009710410061304,4,1,0.0634010318244323,5,0,0.0714285714285714,14,96,390,0.028,0.192,0.78,1825449.820378484,1825449.820378484,32525.0,14.80154996737295,0.0837791911411936,
500,U,10,Fix-and-Optimize,ok,,1812487.13684892,55.94768280000062,,,,,,,,,,,,,,,,55.94768280000062,,,,,,,,,,,,,1.0,,,,,,,0,1779362.13684892,33125.0,95,534722.3404025198,4500.0,539222.3404025198,0.010526315789473684,0.18947368421052632,0.8,0.02368421052631579,258,797787.0917672719,20000.0,817787.0917672719,0.05813953488372093,0.20155038759689922,0.7403100775193798,0.09689922480620156,77,205652.70467912842,8625.0,214277.70467912842,0.0,0.3116883116883117,0.6883116883116883,0.22402597402597402,70,241200.0,0.0,241200.0,0.0,0.08571428571428572,0.9142857142857143,0.0,48,5,0.1007720824118877,67.75319749255411,14.756345186585547,10,0,0.10526315789473684,24,4,0.0990374316855429,9,1,0.12771927053342583,5,0,0.07142857142857142,16,100,384,0.032,0.2,0.768,1812487.13684892,1812487.13684892,33125.0,14.756345186585547,0.1007720824118877,
